217926729
64453544
183832234
200716514
212895889
183686555
159513895
263297021
257024025
200794010
102392384
105494496
159921321
159596052
183900947
404791435
105034407
263506493
153080850
267507149
201729836
200466879
404828739
411397209
200146510
263282561
201142329
405355935
109766536
153051086
257367565
128386642
186099036
193726778
159672868
275205666
275572704
153015722
257117105
411673654
183568509
184074380
263293793
159827212
263061410
263257408
275117574
275645208
217538117
314320229
159504977
193423957
212758997
405028164
114127969
104924037
263377014
14664881
159862996
245209133
184045760
102386476
217050315
275201870
108558782
194258305
109520416
405210344
201622061
160049263
267680464
257261223
183522886
257507982
263274236
128373263
107960091
401587318
160072636
183928872
184065159
159637099
212320354
104460988
275184885
102374740
263286048
186257119
257315744
114132583
127068700
183251813
153131909
405832376
217811901
127791287
229032699
105526026
217113159
263285999
263291455
194715058
104674970
201358829
201706123
194808819
401114727
159444715
257310584
114132543
153097262
193234640
186692038
257059980
263406215
315003466
183916575
114185836
265692931
153009280
127769492
200976340
213202983
102374672
265566457
183458093
257030152
404713073
102383262
263190327
402041811
186572395
263026207
257276306
102375542
159954806
200863121
183515455
411557854
183723503
057205730
263283653
200936727
227986073
217054773
257261184
193888367
183954240
186778619
170753886
183223188
159839188
275321747
200458007
402128228
217942882
186602935
275098882
400208771
105614232
263340875
183635375
114157532
265781554
105051052
153157779
114139172
114132423
200501601
184166660
127738504
111190099
212739537
257389915
102406079
217341983
186042630
114148029
159898267
263030411
400094081
263365832
411505427
127310382
104243545
184005896
217385666
186063785
153023040
257466569
109346357
159859819
183821328
102376043
186222649
193947987
401627727
109020068
212586584
159896101
159489082
104526800
257043120
160091931
200056701
257186933
193502051
263464734
170806688
183871806
200156702
127332385
257306215
183861605
128387919
128038709
186640857
159834509
263339301
217302098
183404574
183808644
257284353
102371824
114163939
183909683
104520461
411652984
183339457
257390021
159766645
159180238
108546345
108996104
104468858
400146492
109237219
263050163
263292303
267091552
114156212
102422833
102428189
193670302
257251982
159369360
212387708
402053231
159892486
109508256
104659140
114164072
117103227
108939534
193407558
114131191
212744789
200457989
201061950
127285873
245167817
217747303
275519454
186060156
105222266
102376143
159488342
183865282
102370353
401071479
201120202
217385249
186129366
102438604
183816781
159972568
205119140
159265012
153085822
108558261
159843101
109078588
257378632
212950767
186032658
257070410
109461120
257118016
108480508
263279646
245945769
183890742
109064385
223048164
159525544
257103172
159495244
102370356
217808349
159814249
263165592
218351245
183971797
102370698
127092562
263151537
127216268
263522916
153010843
263292733
217649261
114163539
265530698
102354635
200937244
212269599
114139878
153045138
183872470
127505776
159606563
263273687
104649727
109492304
263366793
275042767
201157693
193876411
104978997
186516214
183812483
265019783
102381563
263269246
212271911
107864687
186550964
102381096
183259091
127573555
104983770
183455077
411361497
212894022
105610613
400749520
107966903
102366090
257075133
223036547
257011772
212488043
257271831
265441479
105800501
267044594
159895566
200597540
257308777
404964897
183449185
218375520
263480049
257041254
114154395
186506056
404537511
104773227
104309483
257004079
257080888
159869206
263074993
205005692
102401366
223105100
159204844
183793364
183740264
159825626
257315488
102374965
128533071
153054236
183480736
263366227
183454960
183937291
265242429
213077398
212416474
159747912
186438509
212304235
439074538
102425588
314255104
183650881
183968421
257553667
205172151
411383977
159911348
263146472
400447141
263013419
128020430
257282048
159921912
201663260
193331043
183873209
104599715
401540244
401674197
114128666
201657867
212791091
105734723
314244395
153158857
183451461
127455560
194574276
405154222
114171527
165290983
114118030
257418115
257387146
257066276
405813532
223014253
128204385
212786453
257434661
200592656
194185003
400272645
401536903
153041048
183884801
159530360
186470047
229144943
109329216
265231094
108564595
186018066
105649603
257349897
126809477
404829860
159483213
109467323
159922462
159997446
257234597
183622503
257005066
102365406
263048197
232657706
127789803
126972569
159915509
200547585
402780433
159198346
186316692
193730702
160042589
263366795
183484309
257266758
263286270
255735113
117100592
183931303
213457615
159838100
183994576
159859545
108841706
183519611
404838456
183281927
265669513
153113184
108874127
108342729
170448670
170734495
153008079
263394374
107823770
263267434
212809371
267602890
102393930
245962673
114157066
402849910
245064622
185925758
183870794
159770738
159378109
153122766
183805911
186402970
183463223
265197335
128167374
102392013
153007332
119189039
170593919
275782882
183941748
159589993
186541198
170652672
200310324
183554198
183466053
160021567
153175134
212084799
193603342
263284365
194247390
183814703
127380708
183334693
159283149
263578634
405620814
257280639
194219486
170543148
186766675
263275693
126970194
217460706
159556843
183872938
263273074
257029619
153028457
257305805
105424510
314375691
265657540
265184688
257307509
102376085
411307182
183736685
159651214
183449150
114164379
102369523
159518353
183795504
186025083
400228007
186362211
193970530
183853469
159603902
200390556
257225033
257147104
105036763
275949362
153152457
183936161
218373897
183897231
183763477
170656799
184158140
218080516
257455369
183441230
411412160
257332436
159531921
411309383
183251114
205118400
186325898
153159170
102388616
170847776
159489754
159847419
263098404
200770161
263366660
114134488
257003873
411651786
405008949
108570184
127042004
183492368
257021585
102420529
263027720
108670563
201621916
263286468
102374410
159849626
257425572
246008809
186026370
108547717
183636347
159279246
153031825
183968153
108830437
127795090
263290656
217113713
263268298
405096632
108813367
153073822
183346187
257532710
193990342
213249148
153092244
417085136
127757296
159614995
186221027
186342077
402682334
400621029
183247544
257019643
183924575
405723982
159841822
114126260
257029832
263012085
213536437
14663870
183464151
108102739
194826527
201624550
213264156
153153854
153082131
183446494
186010540
217753251
257310833
105619371
186402969
186488424
159936177
105405281
193925870
257519624
183465603
257067265
263278827
159875049
159803090
275556029
159495922
102380912
229035525
127808495
194588416
193583465
275428135
184158117
193244195
245290578
193359557
153055205
401182937
159822852
186140837
205111056
257264719
108389532
183827089
217178531
63212189
257391809
102344477
405673544
401071453
265017632
263204060
333333333
253141325
263321582
194264606
257258130
186077653
415621224
263358704
159689587
186019221
263333526
183465589
160025716
183919897
102374947
184050428
194472649
186042895
183949845
127808297
159988888
159895417
159973869
411520470
183871682
257401628
126860169
217754975
186005388
153096126
263284173
200296215
159892504
183457976
186722995
193611164
263367314
153091905
212379395
257389716
405960916
108458122
200723415
425144813
263385865
263274413
105084536
263339326
257264968
160108481
405504804
263292044
186885962
114125935
153027323
127420246
105519326
183810016
127030521
183836838
102422852
153033235
105815978
218335263
405303491
314255861
184061685
159849320
263291559
153165426
108569583
229091043
105164206
160006715
183832814
186870286
153087009
263270788
405181868
153145373
183327156
405760705
200276502
108504553
159667923
263324962
159936286
129373950
196123051
213431972
263373584
275182917
183515041
193886304
263048321
257377358
183875144
265115826
193956060
263297951
402917838
159491561
223080198
263245235
229023882
159852220
257032156
257054357
257034903
183691427
402896399
102279277
183515045
159489267
217883228
257342948
213335129
159197991
263284135
183607150
217732831
183889599
153091454
159895873
127414878
257011805
212728522
404568470
183789586
194372807
114135507
194827705
400644258
183866584
217171782
263310163
411550879
102372593
411255302
117103575
183443248
257056330
183888200
183529113
66302498
153027698
153051776
159919068
159471187
183844804
275618360
107888337
257319421
159696263
246009113
213202585
128601013
119220026
186590961
257148408
000000000
217337397
186936912
193285960
265648101
59158465
201728366
159697667
102379368
245690991
105944399
263033270
127152020
183407691
102395108
183933922
114157126
417075759
263411092
126850863
186784201
263271909
183436053
263278239
888888888
104996084
212541294
159903307
127300242
102363077
404917397
263009076
405553567
102381074
183987590
159724961
193688935
217385404
183647170
217148504
257399161
183456337
263377128
201131603
263304207
183252314
263391377
159531305
128112675
159897402
183793658
265140656
212028931
108099185
218355707
183939286
183918967
263361589
127242103
257057924
183941737
128433267
159840538
183636182
193638873
123456789
159866355
186029605
275199288
401045402
200035379
257272072
400957891
186429069
102372634
404793407
405936422
105900006
186144185
400659739
108892112
183650481
114187766
193562944
267558920
186071700
186038565
401982286
263317630
400228002
183566905
102390025
127526886
257307001
183456342
183531431
183244841
63838649
102441566
405387939
104780084
201626044
183971160
183490922
405377589
114131865
126934948
65664738
218334125
217068725
257263736
102429879
183881676
275825955
183445876
105200723
186261220
104783482
212485923
114164500
201666319
217189326
263268822
102367410
314315098
263369965
153167194
159536608
183857852
275818840
275816906
127014394
183792559
159833085
200349690
159845528
205172437
160042020
105305813
263421129
159883638
265617051
104471316
102370988
186154852
50205332
400608166
401293871
401182545
193267089
183592950
404777976
183963822
183988926
218340589
183540280
275464731
159538497
109426670
108364627
104381184
159732683
405317991
265557608
267484490
102420864
183795821
102411661
183869176
263321535
170553399
193509160
194614724
102364956
108565662
200273343
183816682
257481310
257268868
183458279
404471367
257024673
275729500
245016357
183603711
183442989
159505203
257293080
159895275
205116248
170519065
102378899
183795605
159513814
200723448
127188333
186127931
186847213
104669527
405443065
102351227
105656064
193390630
105063926
212816251
201510201
107874797
245110686
405661890
205034337
87188576
114178348
405052919
411784286
59843382
105403731
314494583
185953014
245210685
257264371
257356359
263279770
193252024
194685888
183443246
405734055
222222222
128250103
257296547
217318643
402107001
170848748
159651313
141116397
183479900
257149661
265503056
212419166
186443278
153115110
102385109
183874813
218127953
183969107
159947708
160091454
257357846
153041774
159703350
245423787
160074323
267603840
159654694
201628494
257254037
159650706
186652220
183480406
159332304
159896086
194307673
160031851
405421278
159870945
238007277
183777050
263361072
109383296
401673661
400646484
257278000
160019053
159960710
102396643
127360808
245936877
275325674
223050157
183892035
275098897
213426525
193347404
165282933
425009523
104547148
263050253
193571053
153032724
404899347
153054720
126977994
114183712
102411829
200866333
87198005
263366441
183227422
183536870
66245376
263239535
257340194
153059414
109466962
102416943
159746288
183632898
218173763
401030693
114170665
57074370
200865140
183281079
183394171
50197020
400699991
183922931
153045919
114175323
212159946
57076677
183449189
263337212
159392819
183937382
195709664
108475761
270339590
128402699
263276625
186141169
405053782
127522061
183143330
257357739
183676608
102396464
200860344
159710920
212050467
183933592
105542458
257484719
405465870
186690922
212428415
185985514
201041210
245185864
104375563
205075566
263026203
102373654
229059639
107965261
265126624
257291077
200110359
159694075
183990685
159825274
127559992
159488363
153173082
108496537
212442981
400699993
153058680
265659343
267166773
212164424
275699969
263373886
186058272
257263444
159316589
193449927
402153314
159847811
127025127
275256641
159894259
183650887
159950198
212256578
104421776
183533601
186167483
105144959
153199937
159518719
153032849
165303663
186046544
186313561
128000062
108086041
52221100
104896859
104813037
200966482
186059623
200266853
218368637
212502011
184143543
212399783
183436043
314500198
183966224
401414699
102358932
153031995
218042632
193942505
267502407
159962210
153171960
028492740
159385131
212091136
183559685
212382375
186607850
314471734
186517438
245532975
212382803
105457608
205093828
257455874
186587791
159488715
217407111
104877982
263025856
267510728
170377561
275153562
267618881
183841460
183851030
267282907
183449196
159525351
263458089
127127122
183785319
159887902
263305536
217085141
265576713
212309007
102394668
114189031
159984961
128340200
401114787
200493366
185986776
267876104
183203817
263307214
218309692
205020944
401893460
217701226
186349164
245186211
87182898
263225805
401114717
186628260
170451510
213435180
183716087
128487631
257377677
213176173
104548438
183861356
109071139
200772079
153018558
127410529
217320800
212441396
109018561
108455258
405450908
183719728
257134364
265483059
257262820
159889675
183162155
267475223
200158695
102364938
267588364
108038665
405333158
257411341
257455506
263070595
153051851
153036825
183777357
109224517
183942475
109387560
401399938
126762141
183465808
193970757
217189675
183807902
159910622
402753018
105168407
213104043
193828013
257003888
213715639
194147782
257467290
104446949
257030158
257021189
263370898
263270254
165296455
153008039
257342205
213138841
186796541
263351833
183790830
223045672
159739356
405123681
217589442
114140020
263371663
411562346
257431100
212270136
108936638
402310545
153032220
159290977
105030134
159705189
159851481
223105015
263355683
107857455
257247215
114119517
257117350
183721576
263362584
212664643
411048724
212687343
183230219
108532790
257048577
193241507
314500056
217009559
183813916
183935984
165421860
193947983
127136144
223045188
183327155
105275747
246007506
200541955
314312635
229153680
257401206
186194798
153166221
212382864
212437211
127796846
183805935
200976843
257294760
183834332
218379162
183449463
102390452
263273229
314330698
257310858
170682951
213641046
159912011
263272008
275813833
257278218
153133436
263286790
102368695
263386398
200569629
159525930
128486972
205030230
213229399
183269961
159494150
229132291
104954732
402155445
425079580
263037907
183867023
102387048
160068182
159692300
159993429
201726910
411609889
109413323
159965826
186058290
128416230
183802006
159906252
159865652
170472249
223032228
153054971
105374499
194445337
160048533
160034712
198444945
263326144
411388028
102422802
217580549
153146761
246141261
165371067
109291170
183966261
415127355
257190107
263007830
411500307
405539988
183446430
159977401
108679703
263297509
127193061
217011350
159826260
102368901
153130807
257043096
159483783
49471822
128332364
153057487
153040387
170880442
153081529
183842857
257286867
401775832
105569558
183265071
186739924
405876709
183465799
114164974
193446209
159865397
109072750
160049804
314330334
186059561
201553315
127913016
183601146
108667629
102379383
186048256
217440859
183519000
183799717
159266059
49471936
201222557
404484574
186018059
127409215
212927532
183656505
159867989
159862684
183449198
263316326
114189391
212203187
200991576
257264821
153083582
193950071
159634056
405635178
105888269
114136363
194298778
265236092
275268537
194623933
401109505
183806381
267592367
159850287
257278216
159442393
114130496
263442794
401120596
159898202
183633323
183794988
102347920
186222372
223045183
200852017
160007761
114127424
153055314
105145337
263148547
183592020
257124193
263271166
186341109
400544313
263291572
194718318
200905133
411135992
159903886
217556936
213062365
257485314
212015590
159415392
263278839
114127906
263297024
170941837
159672342
205069161
107813888
263296892
245603107
213035513
159999777
159835180
213168924
257312493
263292406
183794779
159895189
263074166
193893663
183499021
405775217
105069869
183489855
159444677
153105727
104599102
263274428
153164676
405455436
127664587
159846144
153169325
263267715
159827879
87202163
218298037
186340433
200340088
57075922
159821565
275333480
170773091
159220127
183920096
159689602
257152430
194914004
200499132
14683093
245706456
184119345
127457032
159891707
114156594
57074436
105076315
153146149
257043118
263314033
153070052
159886510
183876958
170724440
401024296
183906941
159603928
401764300
263005565
263274699
102381521
257247471
411762146
194928168
265546127
404585484
170909142
186008935
257286947
218304350
223043227
186072028
159825216
186864924
257265516
104257493
212417711
201508655
263389216
159386306
170804416
104450150
257262754
411505084
104768642
405981826
102386744
127783906
102417827
183942264
257044265
127664723
193597118
213264660
183842889
159454457
183847329
213192167
108185579
257314320
245107105
159940247
183979032
127222965
185962367
257310705
102395126
153045855
404981200
411313845
108003248
102401095
201136941
212381343
183837060
49453159
183874824
127276015
193289739
159583673
186250480
217423889
183805015
257425611
114162440
159574062
183637061
217084945
127594013
184048286
102394933
263128205
107931197
275637378
217178108
183976082
265651613
153119562
217010856
314519342
108387219
104824513
159541931
128447714
114159772
212481058
217410865
127645498
104934475
108662817
257030170
217902829
104740332
184058052
102420870
200728240
217784369
114182907
109337997
186093209
263302823
257382602
159882864
183822955
128100918
104388595
417071127
159816196
109190862
193792730
183905618
102374750
128434186
194637703
104470533
159898110
405022515
183873177
212754680
159588990
183875436
183454589
52227265
402728905
401673728
159955756
186642562
108311227
402761661
212667191
217143589
205165076
153041335
153055841
411553809
108077243
114154208
183623991
263323646
159831938
108356285
159505662
404913706
213318788
212416035
194498069
257303520
114162119
183642941
217415024
263314718
159712754
200981158
201363089
257313126
153009364
183364487
217379674
105411553
153039580
257299399
183920363
135041340
159833731
183698670
107822889
153180991
159494903
267437351
229084526
170747885
114126571
183428408
159307968
159350180
153086556
257029670
217245326
186078822
265441632
200173590
102397178
183972735
265808270
108907024
159943276
217404086
108916743
218370890
275799238
153028355
263393862
201137800
194208575
217093422
183795234
153119493
183353571
102379922
108833462
127369912
183874390
245842478
183827919
212396682
184094066
194755483
205110906
404789002
405333159
104685542
159505615
257077789
200063868
159432769
275333479
114129475
114165118
183635521
217922443
402890709
405311800
104342767
200610487
30923224
400937433
201526334
212831013
263131615
245824848
183693308
263017588
183973210
411383771
186478786
159712433
159537285
108367806
413066422
402631614
184001171
314471410
401311514
201727742
159946901
201660705
127455418
193383003
160105286
105892176
183474734
127311711
183282420
263435522
412051599
160040694
263593493
102371080
257472139
212513756
183449186
153113994
153171910
411629097
263342848
267314646
194585188
153162961
183485092
104997261
193258337
183399043
212710294
401436273
404472860
108288614
159494151
245808568
114190311
257300655
153042073
263321743
186404115
263366082
257305620
86343661
263506453
267064376
275013233
108349557
400642065
263334402
257442002
114134547
153123953
200721482
186108758
245605082
108003609
102422812
108104993
102370162
159490837
257268340
108188471
263313317
186326519
127845978
263360111
170566350
159518112
127701046
201621104
117120853
183802886
263316774
275818193
229040642
257309338
314486367
205039310
128432010
102442381
257278399
194389898
159831941
153112778
401415124
218178960
102354607
128496690
217382887
18603445
102409057
153031636
119220021
228050986
159396986
159908325
159707434
183849716
159520428
159847273
160068251
263239138
201129938
141107709
263010211
263026202
212591061
401628877
257291745
108267686
159488319
170750902
257259999
153051991
104901233
257259995
186039832
159978157
193295019
159241721
127635726
183454954
159879336
109452180
183428552
213438263
159846628
257522529
183870428
275432040
217351923
159688092
405170402
218002238
170554554
153058827
200253000
257402572
183857938
263290156
159863185
159282699
183906233
104902145
183815166
159893289
183226462
102393430
263103936
193978756
205002324
263257432
257261981
153045782
160042428
257096277
194680702
107823085
263192404
159827280
153027553
127790535
108228139
404713074
159669884
108462522
193728763
114157524
159364171
159505656
183465807
263361267
114160552
160135161
109071137
257347960
153011141
405942985
186802926
183804568
257072283
183611384
411069272
200290226
153058883
183455729
159428586
104645931
405122855
200541699
186273711
183930447
405341366
217163138
183253595
229127381
194836134
314832157
193942506
257277674
183636189
159380338
257011514
402155030
245244560
212457877
159490790
257264441
127213369
184108338
159833037
105494958
159364714
114129969
159488362
200878334
183227149
102443067
257286238
223048986
223046879
127382580
257115332
102369050
127105690
108540055
170521739
194824663
217052777
213265669
186783351
128367035
223045176
411571137
183805283
217356965
108592417
183683881
153116117
212837249
102351445
159505660
411651818
159544205
108098700
194413550
160137113
186618451
153095277
183200053
104657346
200572882
102376150
108890618
108013057
257004217
257142215
114170752
217267417
159841542
159585103
263155207
200161093
186092551
402961714
114190172
127785671
263426071
193327690
213374366
159844012
159897433
401669822
127912567
186319781
159497110
159388427
159217070
411661706
212816709
257030169
402865489
265404808
267366528
404595593
275163309
229127421
108849052
275597987
159504953
87193577
183972223
183876094
400611638
257325248
212412513
109037791
159861880
159827699
200055719
217473315
201404337
193883585
183853771
400245160
263501374
170903256
263521122
212088657
102410942
153028007
102424102
257139150
200287191
217258772
275177592
108251281
186960362
257287236
404942055
50196740
194521738
186034746
183987058
49449181
102376894
245985822
50206162
183711843
153009357
267176368
183865976
227897544
183479552
193347373
263386430
263285053
127801750
401211986
159848730
159893439
165301351
153141807
102369419
213334813
185925527
405454675
212265606
186424381
183635481
114145311
183937833
159711769
128050336
185931759
263010204
263301026
159827904
159375848
183909742
183466056
193901291
314681726
267600143
193520062
105286075
405438151
425004286
50201948
257310821
186203661
405304548
153016059
186670894
184080941
257129861
153033252
186864215
183887634
105395678
263594139
193243588
159825691
183832909
127502448
104801762
141153011
217123932
183310458
102439017
200120145
267044388
213282159
108349378
405917114
153091592
257397297
401404801
102386665
102429889
200795879
109149877
200442331
153024886
102392348
159856954
104633617
153164876
153044823
159541940
257044771
183812497
102407064
404908713
404888127
411692371
183858018
411411333
183989947
212553459
67038314
105456913
159599529
314483113
223028198
126926774
245660042
257035744
114133633
183985034
405822207
183980983
114164563
126851249
50196586
114139755
107960110
102393081
102441259
108014377
217152386
102385155
183314025
263265228
213423611
194258296
153099937
263277709
160149121
126970195
411585146
425002254
212547371
218138916
127319935
108332213
263305428
267316717
110348615
257264276
201499928
245567339
401380464
153016928
105800263
186218010
159883654
183965007
170606853
205000272
265560033
401859279
183449156
159955361
212964103
127362368
186095531
257135191
401788496
153011770
217099954
183632839
183484316
404593197
411624688
170711282
200834352
257353628
159840880
405027337
183317623
159504935
127073714
400676539
201571337
108759211
200166306
114134241
263321835
183971919
201628062
108621285
402797015
263302835
102362526
194015088
159636504
263481208
159936143
205077925
411708029
159941223
263257444
314246440
159464924
186928106
212306241
263267875
257119917
160125381
217496347
104581911
102372065
401084380
102372872
193879097
245065807
104988371
263283652
257356200
404614229
183810938
405209820
217168944
257312479
263354523
127721786
257539976
217442772
183238410
153043520
114131249
263492977
153093966
257133030
257112760
265811671
257306506
159738102
201719823
212130178
186641021
265109067
109041313
127678094
263025848
159851072
159490305
104309489
183642360
401971719
183921027
128212510
257302908
186058282
153160132
159986754
186047125
183585453
159847758
194966305
263244778
159885382
102422823
160007144
128464874
267572011
126851248
183222916
104534038
257277367
212399784
400369651
159446809
257333546
160108488
263398986
183891349
404509355
223045166
109763911
105556159
127016634
163058652
257011832
257057612
183966484
159854494
201102329
159314305
186097419
263367330
109245766
257385363
263269284
14685562
186094868
183891465
183807484
257227205
200518525
257134391
183944639
245516897
270822980
205174402
245512125
265611618
263395141
153023187
109370560
257268448
128504437
218429069
104527199
153048575
165373692
213097939
159828486
102382384
263434647
159883574
114190264
213132144
114151075
402783284
183828165
102396660
127707285
405570543
186265348
159538858
183676025
102370359
102422864
201055755
104813369
183867090
201520800
186520247
159843103
405180030
102374707
411055904
194501485
245905608
218228684
401074415
183795704
411658771
52221202
102427869
64910993
263313268
153051240
212799230
186974219
265064639
186076457
401237093
405168769
263293883
109371646
153051077
229095086
275184379
212080192
263473900
265495319
263326145
263070689
102412189
193802564
205110920
160149793
165285426
217188393
183940595
159967743
159582891
184045570
194641088
263285860
401847411
159534830
217725776
170745321
201362424
217910980
159827261
183960796
257125548
257322447
186001711
263411257
159985666
102381581
223048940
314331021
400457256
257262580
183239686
126743066
402858570
153048572
183449151
127036234
102386251
257364571
102423658
405628082
52241002
114156561
153019237
186296882
153051862
104777194
263031252
200753745
183763638
183697539
205120661
200392188
159300629
194727472
217486955
153031625
159968231
107976192
275082940
263311851
153148875
212296163
127538565
314519921
114136917
257134597
411662911
263503275
404829862
186037101
114133695
52229752
153016263
184107787
217873685
400977156
160084934
185957712
212115521
257293082
263014413
108619376
314469836
108595567
108621411
257029629
159477848
200754005
159283375
186394245
183179384
127448955
159830081
186006542
257316825
108270786
186485051
193761995
108471830
245999697
257112725
159803432
102388843
263277123
104828492
153020287
263290540
223014805
263351971
314320862
126804706
263318676
127789444
245479250
128365990
183830546
257253230
108055817
265676507
159986664
102374730
401557716
183281924
102385310
405747986
401967758
263501449
153007111
170519134
114134619
183505204
111166362
194778620
402977299
201008391
257011837
186842015
183446489
153066585
127076082
183262744
186738336
170683995
267712890
257220722
186744504
245556529
183548479
153058889
30872569
183327094
105222209
153083724
194370726
159489221
186808352
229080777
108473083
314444609
213449105
104545745
159898928
186009779
257235524
184072835
183491861
114185946
186818748
108090428
405440723
257550682
245363631
183270142
257249746
201598091
183281078
159886848
257492179
183862534
159966300
159193450
107857461
275702269
127248205
401584105
257455507
186054227
160184155
217657675
267620295
267343962
263077342
257420278
105409711
184045972
267319529
218267281
108813011
186093440
257373401
194825998
114058779
400215266
159534134
104711135
257011777
159995283
263025571
194829999
135180326
108188476
223068296
104307252
104520703
229002716
263147433
257147027
183468670
153089538
218300613
267057844
263010910
257267425
159912319
127248117
170921824
263364558
263146282
183699071
404716765
263176205
186645615
159977403
263584653
275686636
257268234
263315916
404773990
201391616
159491844
257406161
105366927
405436132
265444353
170792302
159623549
193556304
105246012
402894799
257259027
108565418
153140545
102360458
263347120
183194454
127788344
218335116
186047265
257261678
127645896
257071046
212369757
405434301
159506174
114128148
159898260
102379251
257313328
218309493
212048362
217114562
159975803
404876625
127530954
229133648
128178940
159999702
183443253
159938235
257262129
217123783
194308232
217930149
159746661
183779105
183982054
257129957
183942423
183457876
183685754
183869975
245013317
212479367
165298979
109185498
159888634
109386741
183219605
257312889
257305692
257261177
108102721
212854326
263117588
194698571
276007172
109509396
159505623
401085419
183355622
183980195
263360633
186362847
109205146
153055010
128485188
257260703
102429247
405761780
159825168
159541943
263273080
267005541
159961157
170831551
218543129
217929419
217249333
78094398
128316152
102358968
153036456
275444518
183896497
218346131
104975663
153173124
102448497
263287677
127222966
183354318
153155467
170839317
205019711
201077190
263620247
183949730
401967765
229040010
245450739
186014243
212864144
265154877
184029878
183807282
245532297
153026656
194037035
102373249
183790889
194830114
401939644
105412896
194522158
200569562
153121221
263436200
183696226
411646636
183892238
212223193
265373545
245889109
257013324
160018854
183971325
257445527
128486317
184098260
160072635
102379134
159825982
257265651
159239726
245298233
263298621
186053472
159684032
159992482
159827013
153030165
114129929
257193103
159964071
200248504
183450879
159578275
14648139
183466047
257435740
183853848
186031348
212091492
127775952
212411184
114134318
183590055
183826530
401121297
159952504
212169629
159488370
183929721
183808246
257466114
257266108
257011310
275275951
212208976
126959099
153129817
194429696
159338511
102386396
200681401
257271107
159897817
245980813
105167419
159716977
128414239
153043843
257059162
114172355
102430911
263271359
217103601
314740081
400124215
127114236
275127408
170842688
267057324
193950910
267505415
114121643
183711113
114165777
183586816
314500030
257309938
108202268
160043170
102368302
894794849
267153497
183287444
183812466
159851076
170411726
212467483
108579850
127532833
186841000
109170751
183455625
401286626
200797088
159833240
186045709
159255650
159866352
263253187
194373362
159904738
183169207
263302415
401634638
114166814
183805907
402658122
159414965
200030521
263341135
405962824
108812949
212073270
184084171
183919965
265458817
275769429
257300439
184003336
257043918
159423954
186845919
201041421
114153111
159255025
105898429
218414860
193843334
263271502
263280590
183870974
159842508
411273983
223036618
184005431
183790126
114156219
183966196
186814579
229093342
183792936
102378740
159816168
401030807
263064483
265658405
183634863
153122266
108430153
194369360
193268710
245912496
245596089
128006729
402309971
257011838
108383402
159504980
263451077
212606976
245679376
159223320
275189105
183436683
200946017
257253442
275716848
114159601
183615926
263010209
159828489
108463182
257271505
159347330
257328745
186033152
257207706
263266258
109513583
104518803
212721059
257265601
108107324
105962249
114167056
263258642
170386501
183852367
217112209
213148545
229023875
153161207
183891799
159891871
404721061
275213051
257388027
401404708
183809762
127223224
102361601
401977807
263284180
186091910
159999782
153011030
104582685
401968274
217114017
183414723
159893301
114190207
105868454
257270981
160071655
257312796
183869181
159940039
217520964
411487566
159671963
257404462
110385074
263138615
127641408
51268815
102348905
245985079
186111782
411549033
153136850
183981986
186134065
257149837
159362664
263492974
257277694
153036664
257314321
193270915
127693730
159944320
159895337
153053999
263369408
183205596
102376098
267507590
186822903
212357708
212955907
153058278
153059708
201725253
201363122
193838719
159505491
217444903
159885784
114130284
105007367
257003871
183866919
263137438
205206980
127677469
201718853
183362076
102371384
109330563
159319600
404787611
183473825
119220020
183806323
257272565
102393800
218214331
263283044
213160976
213258693
263513273
119185574
200312375
159919363
102371101
153119773
102385088
275815685
102373427
183579962
257274873
402580851
183465595
186025327
245236854
217673543
257201042
183817820
127426488
159771783
114214572
159914675
402066955
206929521
160005140
128034421
183447485
245480293
257398386
105605001
159866357
263026208
246001757
263357801
108566969
257259084
194468384
201723315
229138005
257316714
153027560
263414732
405831704
186045426
201695399
183463765
263143252
159532618
223017328
314244720
263387009
159866379
159547851
153045233
265668069
102378830
159834075
263272610
402024966
205172159
153045116
194066013
405529352
159791561
257030157
437035026
402925846
401607936
104896984
217929438
104961416
126870655
104686630
263311480
314250413
159848932
212965175
160042544
265481467
186755842
186710818
186018848
183760752
159626665
108079444
257271048
128351288
401565875
401397164
411551213
104309488
114157185
401125547
159862603
105119950
159628893
141109482
402896198
183792837
263286272
186429002
198134324
159265294
205078684
217977463
160001054
212081662
102427977
245667068
183792838
102378072
183413069
401739956
159980394
275625377
257526391
270933534
102426752
257117955
183878119
127042197
186033458
201061963
186041546
213334233
186092140
159896085
183939419
200781709
183686443
257310893
102396495
183384410
108519162
401072852
201224848
159846471
229091116
108459885
217132070
263336894
183502943
114164364
417072647
186678130
159692792
183804197
114170062
186069517
212121477
159818758
159668966
257314301
263022409
257575572
405475539
159867991
153053140
108938936
159555782
159495513
183889819
401244013
411629257
183850016
102371793
153128292
186166921
153050477
114126688
267152493
245177378
105721196
102378108
127767770
183825875
183911956
201186775
105898003
104407354
401906251
257375766
194823149
218335388
194146328
105371573
159891796
195740062
263538659
314470019
186484538
183976185
402797671
401257930
159244966
183501178
184104975
160003615
159551335
263265381
405721271
186092125
153014532
105295242
183632842
127776349
170938457
183846937
184058054
201663710
183851158
400553980
401977794
153146656
217353052
183855438
314405662
217749182
160122355
186105652
257259839
275588602
404734459
217351819
183843032
108904955
183443632
257263817
183851867
257251584
183581197
117102431
135177263
217869086
227899052
159835956
127108871
404598854
184046353
102405934
194744826
401146301
184048291
159216263
212591399
183449146
104812660
267446844
104869437
153151236
401038800
183562247
405918923
263138884
183880247
400487511
257255915
186497968
104491865
257249159
263268245
159709257
405326988
186302361
127776092
183789098
402797994
183571794
186173219
212696353
159910241
193723979
160003929
114159709
159853788
246001713
257259830
114156350
159650852
159355114
212437210
183465545
126831015
105682391
263215140
183974222
183758398
402301283
275001932
126860799
186198210
159834504
183832286
153094181
227884145
400580983
257259831
263194591
105913262
183547700
257259842
263345215
102374223
257558509
265597814
153091958
159845904
257297453
108590091
159897844
107923825
153027563
186604562
153063173
159481726
401630346
425009414
119219245
183805649
104801484
159312671
183655556
186363259
245756335
87203751
257344367
159879899
126808781
263055692
104309487
201587140
186765285
153160346
159709261
159849702
170482801
153140175
186473769
400981904
183792167
159318265
218449236
194681834
153142954
117132870
159488336
159368142
114125612
275737917
159811550
257035745
257003877
217736047
102415746
402106907
263310343
114139540
267284943
153025187
411620774
213077914
212176516
102367529
201550145
186318757
275759418
212515178
127186648
153118970
314827786
411249704
183496055
102378359
183856010
263373476
109586580
183916889
160041951
257060192
194157296
267014442
314321808
108060405
263148435
223037565
186059627
105134021
170944376
153031802
160158224
186047320
160068249
186588153
212588995
109449933
200758825
183856660
257271861
263268861
159685008
257310703
186042634
413140736
108619406
183823931
127872171
159714973
257313969
205075396
159843557
263315841
417038483
267598806
159866941
411542477
200166724
186934886
205147443
245883823
263203739
128494558
183808602
265319544
104543683
159542689
186034346
186032901
127420415
205149282
153142624
275828221
159584531
186824039
102374382
201203578
102351501
159518988
263288806
160034623
159548583
108043532
257192567
108918232
183977569
159757966
263291438
263324009
405996718
186064720
263308877
183465542
183629402
159936836
153026733
108227534
108370036
265176301
185998885
405758781
217463526
257011516
186851452
200173084
194513245
102408525
127468854
183216060
159181973
102378604
153061243
186744478
186662290
153062780
257034212
212486580
402780570
160083666
400755300
217247480
183793680
153051995
183887033
159488375
263358498
183668043
127854316
153045552
257263527
159862310
405440706
263259312
108337246
114134607
223095183
183833342
212796585
186507734
245948232
127829810
186054304
404995590
257264749
183806460
223066823
404698403
126851220
257414383
183796595
114135312
275158868
263558286
127569486
127263061
127140169
263267825
127607715
201004865
102348260
212792128
183964013
186065231
263017346
257391943
159903191
183484020
267465062
159826969
159794858
127632300
153053462
159372268
153100066
401031001
105407769
109066399
400447101
213380374
108239842
267451587
184076750
212827961
263267184
257261097
265206659
183499000
49450237
153007719
212028896
159650680
159827737
402788548
102388730
159541052
186687209
263316552
401738870
257357661
51268685
267138207
153035356
105576785
183885172
127618591
217184961
183466902
257307850
212395754
159917931
257023548
257293907
108438470
186082159
153134703
267117742
67775760
159616638
183446473
223108833
128291718
86356984
265081076
183826525
186051159
153024394
245435633
183813178
114190446
183203801
159945216
114129647
411671676
263064478
126851250
263277712
411191524
218026200
63391731
102376923
263413283
114134172
109127451
108680502
267622646
159494905
183994143
263010081
213332607
183451163
314604589
153021680
127948608
102370342
159890834
183203410
128285617
183898576
127948385
186157708
128313288
183783865
212582555
109230496
128486517
193245527
186318995
245635801
159479524
126815266
263320999
257329483
183796536
159948933
159504931
114146078
159844113
170685985
263035341
102399476
109468989
212043045
128392098
257268391
186554291
153009956
257403664
263309304
104253761
411549029
108337521
213222279
257031500
186064763
401547146
102408077
183443242
314255030
200795508
183810978
183781364
275472441
128327497
159760719
212950081
183826537
153013803
193214393
183801131
257263228
263097509
223035689
267485873
193339354
186819431
170381593
153036198
107928266
275098879
267358160
108189433
52243513
183874140
104817230
126767600
257134856
114166841
105572803
183980283
201678901
183457402
183455719
127429864
212783449
245679326
411154809
314477457
263365999
267087395
114177114
263345189
401496901
184007357
170575500
127471407
245283686
217039752
200406305
104963877
263366635
183562561
257360844
263019638
265578379
257401744
257016974
267625154
102410236
127677463
212820670
314311321
263299251
170767359
186486104
159883583
212072172
257579885
159384063
265187050
159505553
263541737
108108083
153041253
401984686
183799570
102379064
183976181
159885477
217379402
153103415
257309716
159841410
102381535
257333205
109249152
263403744
257272113
108338039
108926172
183777329
411580199
275316412
183811568
128225339
127417468
404875744
263025791
159828428
217258262
314484445
127293494
263381671
159732616
108073306
263281838
257195990
87203715
104330364
245100477
159876536
159906742
267383108
263279434
212012108
275226624
263291865
105599238
127054183
194122235
194090844
275931935
108634959
153027558
183931746
159861210
102435768
401212917
102367411
263275663
127605417
108035435
257389105
404784959
183458712
170458983
265272366
102388910
400685582
400699995
114141578
186080239
184001748
205111357
183842999
183820943
263410961
229090228
411639366
102387248
183874963
183788249
183662678
186091411
314547347
127454295
114147034
105634712
263037999
314500205
263276690
108743967
263237416
186837780
170798091
257319634
257321196
218375321
183370607
257246466
257396516
404988019
404659760
227708026
201211999
128577679
265521934
263451716
183344049
213283306
127457218
257542808
105924894
104989494
257294685
160045336
186058286
114164566
257029624
159903363
404471370
257298200
257261388
159265295
263322585
275067338
153025593
411326240
153055503
183466097
405997279
263323849
114123800
183945636
153103329
183800103
437039543
257225038
263388283
105002511
159347628
212786247
184024631
102420999
265590149
200277681
245124316
159946018
183693230
153145010
114178636
183867869
193255730
186018071
52232692
114164102
212441347
401414274
263611588
263315451
218366182
159965795
186329745
267493138
127787266
159494146
275062874
263192111
183787258
105554609
183804317
201533052
102390570
183160641
153037030
183796628
114158000
257348093
217039442
201782881
217449642
217353675
114167306
314258448
160068248
257231995
87193944
170564249
159693269
159749703
223067760
183720666
186841083
263005984
104878234
159999157
102383374
114154471
263010825
102374362
159709259
257011520
102394303
267252655
183772526
194832305
267632737
127693700
193880874
104537868
183918671
183848549
159615000
108640020
257345492
257360628
401020411
201496060
223050151
114174294
401755146
402187693
217971492
402849989
257179200
105740102
401547282
425004567
185947257
257266589
170521892
183516369
102209420
160045028
405832958
159986630
263307030
104539975
257394016
257109680
159692365
159918767
159769404
201053171
186268861
159940244
267394832
186020566
257011508
108935056
194069397
263022086
183543281
75049935
186064768
257011748
104987164
404731262
186112047
186041466
183426759
109488246
213433284
411656143
159841522
194680812
200978947
263045390
184056652
193737906
186120820
433367984
127073631
159836286
102350077
257053265
183834082
186701935
194766408
257284113
104670740
183941730
159491006
194430991
108741233
183347653
263293890
153047883
186072983
405217472
183338028
114102103
128192959
265596871
194037701
183935189
257059493
183878234
217607130
159600504
114150469
186047049
183540193
257279700
183848235
114190619
263538608
104495050
153171956
159954810
263326243
405855895
102412892
183449351
186784200
400176062
153054499
186485050
212513306
183842871
126850190
411060126
102396088
193757063
170672824
402796839
201135859
401413308
404897133
200935948
411273970
263270475
104769049
128468585
128070601
127939463
153048447
126999411
186049215
257388031
105042347
159831251
183787027
246029065
128466624
245976866
104545742
257277196
159893705
263354526
153023520
257446430
401123477
257383069
402157437
257471686
405159311
263313316
183442289
232684304
194419327
275174825
183742828
183693131
275206987
200974775
109503632
159835717
159513591
411457980
153016081
263309367
183889389
153032817
127696778
193707030
127373378
159482174
104309492
257180050
104316086
186020922
159495241
218335074
126847945
200770155
212450830
105588424
402849927
193871360
159533760
205127173
128253572
159868001
49471762
212920748
126916492
217046628
105863757
217736933
105757169
159302639
165299954
104646682
257139764
257310602
194730664
257380898
257274090
217405147
186307960
102376980
201146863
213414120
108211886
314325256
153100090
404659715
405550254
411508072
183650553
217088044
263386411
194827515
201040884
105964011
183830562
411455391
263276607
159896847
117121373
127797607
212045037
401540209
159429230
109247418
159838352
405148354
105022753
183969099
200978236
159505205
165296448
183801853
183952462
263265083
186339745
263269017
186057803
257345994
127503354
127267702
114129751
263336895
108692919
401507446
104330698
107863643
159601781
159530777
183819944
183781747
186586394
183827669
184002542
160021789
102369012
257274707
107912482
126983768
212084088
159752464
105139017
128718179
212158695
183178682
108918413
213269688
183456923
186877887
114131432
405337999
245945767
201608553
184078381
205006692
200865135
263538611
183484062
183368515
274781807
159878043
402870059
200330011
404795454
218361573
186003060
108165281
86363367
417076138
186153740
153114118
411188079
159693705
405486099
102394923
186176463
108797943
153033510
159477990
257496862
104371958
58012293
105054164
159894486
245106185
160019000
102429964
200154095
183539618
401630628
265669139
109511339
183465568
217667837
229055724
186119131
265628041
246002443
217241765
183295401
159355020
183831503
183856226
159850827
267113784
263025825
275733530
193337925
402977266
314561626
263152117
194798380
257287032
257139767
257352449
159816082
411259656
160085872
218462518
127696775
108806318
170934661
223036230
263030107
102388424
257005426
401114797
263289207
193311032
404067507
218033163
315016570
159488324
102381222
201732992
108311100
257401149
185981890
153021676
105501943
127443033
263333074
245903743
109462703
245137477
127258987
104878062
109336151
275049968
183482015
127698094
275173263
229023876
153149074
267013613
186684425
159965370
170794471
102421483
183826490
263321696
217752932
275788063
405679971
404873819
263017921
404637072
159901719
159836967
217018292
184045556
102419533
153044731
257412996
108460244
109328609
127797996
193665613
102372624
108437670
263053801
201053184
127199102
104973961
402798448
102374409
50208099
183921049
263294552
257045366
159918122
159915121
183234242
107935404
402977283
114135520
257514936
104257485
186060743
275811117
153133596
108074251
159193978
183465535
212303247
109085680
257472539
425171052
160073203
114180950
153048742
159867253
108381614
159920683
159917750
186394538
229060285
194357644
102387432
275694051
186109500
102367170
217573115
405500458
263128177
105025920
229135467
186115853
104490200
183803637
108600846
263412188
263407587
257316572
183791554
227754214
263387002
263299020
105363996
104315787
159914980
170567813
263570890
127409217
159558133
405821556
402723100
153023805
186809116
126999889
229084554
183794897
263381739
183509852
183635336
108780403
159749570
218233883
160003617
160008896
114142670
425007220
183807567
212791978
51294884
263381067
159491319
102368864
105774044
183318327
107857457
153039287
109496286
257022566
127882453
108069419
263372882
102417175
314485911
405046971
108147825
217659257
160028118
401630633
275816118
159812059
107825266
104985132
401231968
108525826
411548832
193947878
159279511
183530494
127691972
45086823
109460048
223038081
402970482
183793351
183452586
183836903
153145062
183905099
186084797
114127597
128421410
184138835
267239493
108502608
105862424
159902782
229034942
153054138
257375697
227974339
411657951
401673652
64887121
263337541
257455505
108594467
183936705
194722387
314529817
127093812
114190697
212318439
263214702
114137166
102371067
263025789
109199512
263280440
212975364
200719677
437042386
183587163
159250989
183422830
90078648
159302914
405534862
153089547
183374168
257078863
183466048
186844325
402998864
127423613
160107979
159964804
257129562
404672195
159959041
270679716
183622332
193930442
275664513
159845764
257122012
257300581
265303037
183334964
265567799
183596447
102368687
108074072
170567321
193824266
401696105
66702376
401566466
159867498
104524557
275598534
265802426
56591890
183856784
183967380
49454221
183705236
201234253
186454122
404538670
109059243
265451526
401097540
153149615
402956803
402716421
257262753
159375634
257048122
153028360
127707467
186018768
127435668
263138885
159916069
102368880
217383837
109458106
105070316
275729760
184133964
229036329
186192740
153112799
183876147
159834704
159908037
267508203
153028601
159728420
400887798
183432955
186491780
153030278
159882270
267457480
159406088
183815750
159886238
263138051
257088194
128016937
127573641
183842849
160001055
257011784
173920302
411511435
102378182
105319276
159535198
223094195
405432817
257194298
87554464
314566725
114153686
102365171
401413502
183777596
401070064
102376966
159990394
114142526
160068185
114132794
205029315
153021670
104659950
245943752
159495238
245105594
212104712
114023947
102344154
267075962
183449167
170381465
275554447
265111336
159504955
128456882
153080452
205118034
52241773
160033975
159900445
194368771
186066171
213152312
127898527
404611662
104265016
263529125
108014992
114172886
267376411
263323857
200801345
159955631
127395951
263318117
153091581
245964455
212174009
267198004
257316618
183163739
153172703
159533446
183828160
186293027
153010402
160091320
402427607
105754697
153053892
183457109
160024159
128450355
263141579
102384658
153034379
257308914
263209363
128464645
127396498
404719550
217524987
108716194
263402080
263391393
401182282
128095410
102379919
263585390
160009127
159867976
257261514
186199699
159495234
159490387
257262392
212778970
201648680
186367079
102384696
405983119
183942966
102401307
183781529
263334538
114166844
257306770
217973457
127667123
105648306
108401448
159290661
402682291
104991635
109171715
66986410
109481822
193444551
275819146
275609708
183961505
159895335
186080674
102371639
212383440
104679020
263117595
126794453
66236262
159917818
159856335
102391471
315014244
183527010
257306800
263324342
401856226
128384729
127321061
186336481
229052788
159496645
159893148
153095833
183447317
257374094
183618352
159866389
153027243
405864506
108094994
186558687
212059885
186066132
257025528
109646584
212262831
257346753
109086515
108588555
108146448
263026204
183792464
263282552
270770657
105509236
159752120
275311953
102368859
159531931
183334965
263379547
183635513
109135602
227925231
267528149
265307789
159960101
183505312
257141173
263364396
265240290
245040203
102375526
135016939
128386067
275120431
263366639
218350198
127623559
127036265
159948729
183904268
102379388
212155669
411649429
65689025
105993226
183805266
213125621
186892419
186457318
263190282
212236682
183851634
104798360
102379819
245560323
263318122
183197340
159692370
184007356
212574224
153173198
257030156
257345053
193618229
128329964
114134496
105481754
245693713
205157592
104700543
257421099
200779298
263293819
217119093
205172160
102373400
183798024
257346002
194079255
275527390
183792231
153052634
159390052
141001103
159997357
217359445
183988167
183443241
193659099
128240354
263191054
102370155
153118113
153018964
217309290
212486700
257310861
153134712
186836861
404998484
229055814
104517713
159917774
229024710
159845966
90074098
201561315
201437827
229127236
263334629
257357528
108834734
183942319
186790716
127156011
114143734
153010499
411383399
170587279
102375150
170799531
275636776
217186255
200696769
183822347
159266447
217410808
183808024
212451656
126771279
263032907
263406662
263295918
257325273
184061779
102365194
105219671
200739252
183800848
159522538
127419954
411288511
127264522
102344830
257356018
401123630
218156259
184133962
183839862
263376432
102373444
102416054
127491598
212112909
405471438
186308784
153036502
159823934
127789268
107858515
193597119
114134446
102377407
186040772
257308348
427021390
159898636
159231815
265141360
159296211
405840969
229035295
105103756
52244662
159534131
186120815
263473208
267007178
183794702
183924161
159885148
404729775
186861667
186454554
102344688
411633614
105431502
159494378
212188309
153021603
126953056
186086933
159975236
153009999
108755265
159495385
263321765
108789784
159897841
212139501
170790086
218154366
257305179
126977915
263359937
153019274
102376968
263196399
257030154
114188946
401121378
105955455
194558886
183489941
153040250
257372192
200276533
159955717
265409754
245868450
200194497
114166180
212396689
108439799
159866360
257425613
267618520
400484453
105730136
183678980
194291222
127457155
275666797
183728037
257313010
404482859
227877943
257137972
405820613
183994635
102376446
263297418
186084554
245934896
263445528
257458515
183972878
257029618
257566563
201703611
401125404
263270820
114131412
417205503
127899851
217247166
267609216
200063841
160153206
200608335
263328610
257317743
267368758
257515767
159386311
201439382
159352207
159490697
213232816
183241705
183821974
104466162
183880263
402154591
402106992
114175722
183839395
400503481
401252133
415964604
127275445
193814706
193590960
159896472
267570708
159825356
212443887
183636090
404948900
127417437
257296041
200501552
257384592
183931815
153117430
183185599
127582453
200276547
401847749
183465810
160035036
411638439
159582351
108265238
411493082
245943021
201230444
102412613
183774779
104766077
159856699
183799172
229055719
400543317
186056190
102410107
127448518
102433985
183828148
223111776
183942048
128448214
183845895
183851390
153118050
263610605
186868393
314478359
257401950
257011513
114144980
251483578
257578567
194602216
160003311
186698560
263319587
257058147
314256801
200080893
183971449
404458282
105050175
275150221
263309155
263406319
159495257
212132872
159850270
183397603
183885105
257126096
104710788
405343515
159424193
183810408
275355435
186065227
218326325
263283651
193843309
49643395
263287030
257402954
186043026
405053783
183542302
257011751
102373673
126787549
102386515
212336710
263216368
265621956
170676937
65626135
128052010
186158994
212594429
159922478
263122672
183808482
183315683
183860733
186809633
400226094
212265705
183663154
183793573
263289613
159888057
263344218
212394141
200050664
102369373
183466098
104518331
127530667
183624821
114134648
183918343
109432224
186091957
108384554
263309461
186120847
186030139
159534178
212424884
411098199
275082386
193443613
108245655
405513727
411670790
402831222
213447049
186169737
160159655
194720409
194490060
108372636
263214967
245869229
183794879
263339697
400853536
159990569
153028547
186791798
183524602
160133419
186012112
263014047
183787589
159907047
245732254
257396970
159627942
186042632
183485283
400652247
111158539
186065237
183476919
402716143
257343257
411523146
257345150
217473585
314561778
217725962
183836353
159838026
183543226
217412294
183450056
212156003
263360110
183246674
263355539
126766108
102389459
153158859
108395061
263255942
183872567
184167348
193809472
153146338
183980457
218033358
160109160
218368670
257263098
212469529
212000041
183937017
229074942
275728300
159495584
267035835
217610163
183923224
183607272
263325509
212398183
159853695
186082036
128482861
212867292
102399806
170632316
263335327
186743454
114166103
212194378
127706230
114160084
128459749
257259608
212345903
193691123
108776017
186509641
104899803
257060231
105595730
159843003
135163985
102412444
159302564
128241138
257439599
86345566
153090620
263319190
263581366
153021683
153153794
257021427
402894530
159397247
201706085
153034029
127723560
263244758
128305953
153030712
114184743
217639270
159283276
153033188
183853470
401125980
183773301
218369114
127126059
217766719
183993463
263413521
153028379
401847459
127801665
200782991
186290022
159840928
194439459
185936396
263018694
102370159
257220119
263268776
217387803
52224429
153028539
267625287
104432679
265670681
159536406
201454433
153019202
102429948
141147051
186627969
405000310
153166191
183309712
272379331
183777007
170530688
263395365
265670889
212408765
102370996
263520044
105571082
217706829
263379719
128011232
183828306
263147432
186004841
141118662
267041234
128388024
159902279
405164583
159829831
104374792
263317079
263328380
109005732
183811088
128045907
217744270
159904383
105724435
141097352
405612474
263260703
159505617
186066136
257262975
159215629
263287490
257435471
267170100
109386610
212409092
218372667
263353507
218317832
102362114
263126914
404783930
127698114
104389252
183805474
275279441
183889843
159303830
159936896
229040639
245629863
159952568
229035338
183897232
183864355
159937717
159929067
186432191
265660678
141108694
263276962
183171937
102379378
127744835
402716189
405754150
267331221
183579965
159827679
159264333
153086921
275499291
257164411
183873728
263405262
217884848
102377164
257510303
212955926
212534734
183888201
275093631
183624278
159335758
102393760
183788148
114172076
105494402
159920920
183441363
183499789
263025819
114129755
127660669
425005688
263313608
183267997
102381768
265018859
212372748
257386242
159707646
275414499
217621421
159516241
105399610
104519164
108087263
193829492
265281257
159851747
267540171
159894526
183623943
159921915
114166165
126809475
159303260
267367311
87205513
50232720
127503312
200231171
184097800
102377007
257383860
200539269
52237961
263266920
159845722
127941969
114147990
105187720
114132852
218488240
257036883
90070770
159495886
257112465
127071127
257286738
108427933
108891384
205041827
257023402
186872162
186603211
405172801
404509615
102383541
127248206
263010370
186084987
217317014
186871865
217285206
257147106
183851160
186842358
105840772
263355869
229032812
159962637
104237070
314276622
229090853
114125954
401299939
212838401
153144777
159969004
159265668
229055711
183725131
114134618
405312157
159833084
217255370
183805029
183907782
218710885
183130462
218235745
170527603
127532050
183858068
159898282
170681396
159449156
400644995
213205733
159709255
185936340
159816723
127260671
227438200
186198480
263382766
183807867
159375483
102374215
86340372
105860404
108247703
257288349
402838522
183874715
212252669
159488339
183356963
183827389
160181331
114143144
108904988
257402569
402087246
200542846
159999735
108306941
159994627
257269886
114128505
217344959
183621812
223022898
275826985
102423107
275276851
213448107
213427154
105012378
200056681
153061288
257320199
183532986
170624332
159601733
267402299
170378566
102361659
257075846
275788192
114191373
153038152
401304541
263026201
159201671
153063622
257233588
411312221
159846641
186867070
257059432
127914627
183761542
183866099
183474073
263186282
404637073
108463344
159397411
108506041
159922002
159813003
257148594
153157225
186295931
263348252
109094619
114176062
400755276
109297786
213385940
183992595
263396022
52219275
257164405
159659552
102421285
263343404
257353521
217299936
159978156
413225748
105691335
402987338
263072135
159879263
102376900
183452338
153116622
183156510
267437963
205196258
257556385
114132981
159663628
159901334
275319388
217352276
159865671
114132096
257262705
275618368
212368339
159839850
223019109
160119236
193728064
275605739
109512908
263010203
102389161
102406319
159661046
105361476
183828202
127899506
153108881
159889662
267457416
114137613
217718601
217718593
102421010
127224241
212045279
160173246
183999579
275063944
218353841
183658179
153027152
257259979
400853634
186016836
109452322
267019533
183484065
114130094
109001504
257026995
257266598
263390244
159768660
405505616
401275866
104902835
275167341
128416229
257029717
183449749
257350109
183489977
159857665
183474086
263272845
314302602
183486342
404753288
126921712
108487209
186116685
193243351
127365929
102385844
411604655
257265515
217051357
213452665
127915641
153155452
200665958
183278751
183299896
223002540
141202607
217347921
257314882
275473932
127186718
267037346
186031297
200943422
183465805
404666110
404546205
400603583
314634729
217877733
102393957
183854346
194175032
213383990
108040369
223122687
128141577
263155202
153057916
104267480
183443245
263010212
104282086
104598199
425088117
183995681
257369441
102381391
183507866
170883815
160048955
127542387
257276143
257263309
159845830
186022542
102374359
159854506
411245420
275267529
183883548
229062222
153008488
102387140
257004584
263271365
102343892
212968492
153154283
102377501
105455625
404840302
117120854
159840608
405096634
263083800
109412759
183878231
104899048
257301486
196166833
257011355
411526945
111151300
267573218
127105691
401558288
257063727
159485743
105380296
183466148
153016300
263480103
263275579
102379363
263395148
263292001
102399167
263309697
194890136
127721221
257215787
263288616
263387609
263303994
114152183
257504349
159488491
275075634
159943067
263135336
263008756
87203807
275825958
159640591
105406579
257038548
102377201
212594807
193257335
257562045
108270534
127735948
104850340
159705268
159299748
405798760
126957078
159740507
217353336
183484041
227986082
205003001
114156154
213433840
104780750
183437198
245093795
275574083
159892505
159641432
263271369
213562714
186015596
159893009
159623552
223046469
257266106
223108837
194730668
212786037
405270903
212427959
105373102
159802463
411260482
200525221
160106017
213001077
217770357
160086441
400484523
128144729
401893484
257261640
437012817
183446548
159518205
104748399
200055492
265642212
257252169
159857236
109075003
159776702
108200698
257251320
193222952
159825125
257137512
159848955
193326600
159969449
275803575
183941690
183941040
153052852
159711392
102392289
183807164
213384931
193485252
14682997
217991437
263289210
183465791
200870703
109010523
183499022
127266382
127345525
184017010
102393198
183941632
159837479
153098257
245971613
200344978
183532665
159866818
267174147
183795426
153146346
212617841
160148417
109218757
126954435
257134219
108982668
405202697
159755629
263286787
114151316
194050702
183827719
212348591
104750726
217352153
193951471
183204680
102359565
135010146
160033129
159987405
257434257
78089994
183545521
159839823
183864414
263409072
186883686
186967753
263362999
159787509
217731786
263273363
412051791
102343991
183465796
159488371
263010202
200579981
183790420
186486354
263400889
109392591
153030951
183241704
159818810
405122940
263268072
263506454
108469384
135189863
263270341
127350837
153027738
402742188
127025126
275827988
411325390
126886781
257268467
159958435
186623863
159977919
159531665
127174074
186038694
183374508
159955364
102374681
184134674
153045262
186587519
402092571
193616730
127235260
102367389
263094287
186057188
184046985
153057828
212809488
170453970
229132473
183876568
257291868
257378622
186645617
200936950
413761567
183646959
114184324
108354874
263354375
314561616
141111315
114135456
257312683
245271825
105590360
170791270
263327432
159936103
183468172
159831342
183449193
200271695
102420181
186037424
263259709
245854274
183508728
212401201
263234429
265317249
153099475
159902223
200269734
102374976
183902797
102361617
245128255
217556944
153027083
159920918
183466131
263352200
4444444444
257371583
263595573
183869335
114188679
102372314
267619741
257395739
159747899
183972907
257147028
193719337
201704732
153171905
183795154
186003554
183578732
153046305
183475439
401143406
194836320
107839928
257036882
159356936
263611580
212446908
275432199
159836861
263210093
183853410
160005508
183845208
401404414
159672356
160049246
127275995
275177153
183519812
218039526
183905935
212908684
217418632
200134009
153042015
229158476
217521178
183453847
170769079
184045771
49721003
126768695
159986778
183680546
183876597
257380002
102371006
201635864
108480507
159963474
200172366
267037173
183991580
127360803
63773114
114176871
263298485
109208607
402108294
186044877
245286305
263314979
186809138
127583515
263418759
213006074
153032804
265544164
183452559
186748810
257260448
217320425
102376945
217751269
194255912
102400639
102373236
263268693
104462231
160107464
257148880
127529806
404557131
114164515
135033347
153042061
183885077
159668960
257131345
183180610
64365350
411580827
183479526
183822448
108828523
263364322
159319017
263320371
159184980
193985997
159838530
108588739
263315082
159239725
159929066
186184089
105015461
104801356
257313871
186578115
170920605
183651227
153081883
405351210
183554091
153040891
257150153
159703950
159747909
245351980
160018998
263502568
257301640
411637020
102384620
263264721
257296465
108191815
183913620
257296239
186478781
108629573
193438339
186022544
263049162
200837312
105804767
212297565
275091402
153037339
405009412
127172596
153024021
229034965
159902007
153178332
265438623
265012607
183162893
183449162
314347626
263554708
257299910
257458048
159894524
127468809
183828871
257274791
275560744
183872239
170837335
193692999
186076924
257384265
200630388
159489112
183654066
402966390
141116425
128364762
50230581
217814344
108563591
114143047
159839489
183861521
212224351
114124936
275812230
128206869
257293077
183574823
257193893
183814261
212273716
405668255
267437533
114142992
183555446
200700103
212839592
105610759
14649638
183254360
183969084
165288392
159284151
217945968
183371324
263326723
186281529
183796912
127693129
102389311
102379732
102369434
212029388
194715093
159908966
267086257
263540235
126971558
108413456
201236843
159402989
127784280
183831275
193626974
67037506
194511082
217266603
194233863
263312294
184173331
194829291
153029987
400602984
257481588
245498011
153177963
102412284
405195346
200846437
159853846
102412997
104983769
183438223
411632925
109513314
186245009
170536145
267584968
263392106
257279740
159579275
114130580
265512777
263406617
263047349
109408141
159534132
265048359
183559671
267177336
263054842
433151552
405876756
159879247
160042817
257135346
183975883
159846029
183569497
183657133
411624961
229114766
257257502
102366306
186654517
263268820
159531938
104733289
213445549
183957004
200930447
114127756
159895728
159829905
257098058
405634203
183786829
314256874
183944237
257117343
183972538
194142531
127140946
186094482
159862274
263277522
108586071
200927176
159814963
263345204
159849102
200564231
153128623
263137995
153138882
213333028
217031489
109514379
411591137
114135315
263287708
245093035
102369703
411028190
114153313
183853399
183465567
183798154
8364629274
183806321
257399744
404725563
65959997
405133643
128015012
170750169
263146471
257269047
159641173
153011593
411029642
183499016
183843005
159992829
213154471
128364807
183869361
109591506
263017976
183219900
200212831
159866354
159815660
160067909
153121139
194804967
404507309
102370013
218315140
183755567
257011331
186949010
263357786
159844063
401135435
127869698
128421864
404578183
263272890
263144786
102389627
102387714
102421004
257080175
275113071
405390607
183918276
265177373
153052562
263326226
263603252
186227617
314470077
200327735
223110520
159375874
186037191
102376989
275828335
159652265
405376864
14650852
257227765
183443230
183791919
405179514
183899178
193326284
159196339
267574911
159869003
401547370
159534136
257311385
218368798
160161706
257003361
135169379
263255799
102417979
186003954
159861464
183455043
183850866
186047758
212342377
183992643
194005928
153174035
263337546
257369421
183255146
183916532
183449148
212892911
257324311
193967125
104623289
159522008
153051847
263052461
213293206
108866756
186329912
114115103
183298781
257276790
213698206
153016851
87178773
159861249
263402900
108622066
263279177
257381933
186194245
193959605
257020695
218007870
160145190
170628850
159846384
400603010
257307445
263322759
402849913
107808978
165282409
114190708
263186195
159471277
183443630
275646168
159905635
275118109
102392693
107857456
257261075
159482879
186191199
126779531
153134708
183779983
159956308
107814485
183941673
401136297
186065552
102361778
212659199
217648713
159817068
183477004
257309554
401819433
159838576
107878688
257256728
275468636
401950280
229115778
102373923
183843002
135015980
217352363
186029759
193550829
183962695
263524623
200122001
159901811
159841231
257263708
257452986
159513504
263292420
194394622
183480973
183635550
267598470
257011191
108332711
200591298
257029682
183876200
223068315
263373460
263149659
159377305
127414779
263594376
194688303
127320733
183914172
105117748
212864137
212582374
107809011
263345698
186078478
184059482
159442275
213120087
263366687
275601324
212065506
263322171
263364137
153166232
257067046
102378097
186181788
263602354
183809310
186673742
159825267
245447508
200811825
257089722
159838470
153024635
257350791
257270086
411494008
102388895
200524542
165304655
263296936
267107907
183486377
257312310
263261257
401240256
186523952
108726686
205047719
229112773
18375567
194755165
267078282
193971953
405703229
275615504
183827725
104425952
105418665
183891739
411658870
153030799
51303407
109086860
159693878
217373963
257270168
405464079
411424536
263288333
128373261
257526311
186027787
153092704
232748383
183797933
265059314
153026888
401823351
212743119
186480057
263293127
402788555
159924451
183900948
104903448
193477060
170562810
102395150
114133264
400272520
257357945
159847454
263005170
402108714
257473420
263388780
159903988
263464736
193309305
205047709
257355909
257273855
213278087
275181240
186257362
153017811
267536997
201575267
127679385
153149606
212467860
183872951
257043237
185986339
160084777
105536102
263067904
217352149
402455943
257412124
153057697
114155247
153095214
127480326
105721199
114127540
263290691
108203090
186130630
159887926
183878296
108563672
183797191
153115095
114164728
263268152
159281265
102372359
186878774
263324225
183870758
200798601
159867061
108425368
257029677
404570023
186060145
218330707
257287197
183441870
159220745
102372104
153034042
135104260
186201261
153011656
159243988
193372445
128233120
193210203
159952687
159841885
159979697
263321744
263210878
126802554
114135614
153031828
108181052
183843694
201274727
127599851
183465806
314775979
127275707
128115517
265226822
212611917
263271430
218381426
159488570
249538373
401540264
263324781
402934121
183472656
272886362
159929065
87208737
411176857
263268969
218325136
159891952
201706609
193246279
205117910
257381529
107928246
183449149
153028477
275013997
105976488
159847815
212744179
217415005
141174278
257161831
183891721
183714937
218218617
107809737
184045816
109516559
183357009
257309472
153031800
102383481
153086234
401395739
153019694
201523400
257286258
201727208
127585759
159879135
200581913
102378905
257323296
200771251
217321297
183856518
102363161
102279343
314295967
257003869
193953344
246007244
159883626
402895707
213171959
183832606
263010446
265625425
401125557
402790824
127288665
117118483
275629721
411589930
265573416
102379381
183842891
159818299
267567240
257391808
170561491
194199966
183466155
275015515
411669542
159519470
159941120
60232952
183347010
265626842
267513532
159968250
186060173
218040738
104973706
159840216
105222199
411643945
170986677
411440770
183293858
263421088
183969584
186822533
159918725
411341082
267396850
275781486
186688940
263226842
193558987
193863333
102374959
194830865
402716277
170830545
160068753
108001418
127015619
104824558
183087691
257389480
159864111
263405428
257285831
213394311
183864673
159955021
114133017
193892274
108296782
126916447
108099743
183828142
108346891
111183316
186879641
153125822
183346188
153035719
217421961
257335813
109478643
183443326
183819145
126954436
404668112
212028301
114190020
217838650
109586744
159488569
114164067
183794485
200195378
193452562
159250406
186042889
153141816
159798228
108368000
257398390
126819106
212756692
128269760
257525199
257311396
159813089
402545292
257143489
265445009
108355850
114172600
401261182
257142028
159491350
153032977
183449203
159839059
153159589
205006696
402582217
183484043
217316495
102413866
159505200
212270139
183984933
274867551
102395678
160021537
212242789
263025851
183864302
127529250
186120710
159845616
127660149
245986506
170593403
159373892
108593175
186599147
153070736
183739776
212895228
127564700
257106431
265631973
257340655
183997654
170643845
183872853
205195885
257199495
153094347
263271063
183878392
401697666
105599239
114169908
212340309
404830048
213017623
257265015
159964852
186761271
183793898
159924485
267515584
193573726
159722231
194963943
159885773
183852843
183447135
183792147
159458536
160083419
159950080
245512042
170854454
217313258
405824364
186898880
263314622
105256243
217380547
109506872
153131511
183309914
102352301
108592874
275433220
127319107
200415014
263281377
111111111
153082063
275303247
104533223
186677542
411206537
263243893
105938221
257344685
159387260
194176231
159208214
105070402
193501829
159444386
87203913
159830581
245264719
245512551
193552088
184154135
201008720
159488401
86350641
314256918
159826249
159897430
114126495
114169153
184065158
263267818
159837803
127790222
183448251
105401352
263170898
217422368
183879814
127471406
183927431
245185914
183431217
229142505
401628867
126821506
257286812
314500049
405806760
183220274
263056900
217805659
201725708
263323870
245137874
213187171
263310321
159900584
66235407
102377212
153083034
159225321
183203818
263322297
102384700
105210564
183793082
183451456
263272062
170681237
127794301
263005426
186377322
213621560
127118551
402580725
104908563
159814850
114135608
401409484
411247679
153051987
193229796
400699988
212203188
153139435
183795906
265661924
102411906
153014271
212409171
63765312
102399494
109233106
114136734
108630587
212144898
263321374
263387598
159504976
159518853
141123800
108643551
105410540
257148368
186747706
159747917
245652190
159715981
404975085
102393976
102375377
267534614
104810712
257364992
257280390
267598543
201529558
201304251
170404151
186154712
201266223
52234440
257434660
275164262
159952166
257030959
107979263
405215961
245109966
170520988
263546718
183340591
159373633
159831889
114134186
257545837
263273298
128446237
200939756
183851050
205024718
183805937
159842193
102379951
153110462
159982600
108371105
127990109
257367224
107980210
193328091
217552389
127102981
263370446
257004188
263032908
257312331
212477333
127273352
257024501
186299923
159882363
314447945
183681968
194092287
159531959
405218083
200867684
102396029
183761456
194079218
183868954
159932147
212128930
102378332
105688777
200730032
183806322
183269136
159293896
104769988
257542187
263311504
183811645
186718476
159889781
186002697
417081862
186097597
257216173
212352071
201153436
183919190
159421149
217321504
108839024
257287842
183282419
159465538
183940533
153109166
463343148
102376885
109396653
114180665
183867672
263025850
257280436
186316694
159834564
212676960
104543005
159940749
257239336
411258319
275736160
183809294
153131521
200521209
160062215
102381583
401869276
159898823
263409362
245248836
402727978
194142967
267187753
170702354
128485038
217738813
257131555
212023264
105621600
263010213
153064939
217955713
229135975
401939682
183435572
437002229
425029942
402956816
257277943
102393289
186161632
263326882
263042951
153112703
153028032
245187812
412038663
217586421
437012818
186000782
159505620
263325301
102369481
159986631
200577655
105747121
205200851
108049322
212504314
257358599
229161394
183473744
183865440
263286875
104342664
263003717
127855445
401062133
109476636
404992805
217552192
127124153
159599548
153050972
257277562
159850920
159937405
275378857
159513556
105779616
193231356
159900871
184095542
401415297
212188336
186066099
194212520
159481984
127577445
212092274
257130445
160028947
267624243
153012053
405450213
265432749
186651869
128246689
159491194
263355681
183849047
108493231
263309357
229054961
127725027
127766286
263473206
183972908
159382307
159825171
183966753
109617168
200635815
257316812
429133214
186598277
128458435
314470589
105791243
411078231
201719481
102361792
165292670
257358847
105295824
102353234
104530529
159694575
212601162
170845863
108928766
200365048
263342558
114153719
212722620
102427049
265124532
265571462
159569269
108823361
263406219
184136895
263333200
159687251
183635193
159800584
205072438
402846734
127020786
105021230
183802000
402107486
265192240
263285200
114163410
141025144
183860681
263267819
251489837
128370021
170902560
153042505
193806311
127199324
411110840
217140065
201723217
183370619
193651869
102427979
400699998
108813247
186072039
159661699
213526486
217667897
263285125
411364067
212983499
213451642
159307967
405139792
159352994
183360875
263020111
102408535
153032053
107863871
159243025
102378460
257305163
114175625
275152600
217619874
401587289
275615862
212968509
257023104
275798649
200406295
200494845
108550368
217006047
153010908
257116822
404864042
263257552
257288562
159916152
170587830
159802744
263076125
183805213
194827139
184040946
401405023
159827957
105452895
193382366
186048600
159235624
186520385
213458562
257308775
400620998
263292162
263268790
186254702
183465803
170772200
183822125
267303514
263269777
267211278
257031559
263436738
263436199
159409344
183984728
127135681
153055258
153011000
159650874
128461480
128128829
102358130
263018952
212834402
401413627
159545526
186267380
400579573
186057840
183650236
186042893
405651569
245278630
159955636
159872544
110298991
108189434
153179181
275818545
193670573
183770088
159676187
186050672
186446461
183653779
263326680
183827836
275149168
108220174
183632540
153035090
159900213
186059459
159991162
263081647
159897040
425006682
275475872
114139104
50196865
104834122
159505211
257126978
217810934
114160158
153023697
159970962
102377264
183974568
183805653
263287078
104457127
212120577
107920786
246001888
126965480
186032873
159493909
257275815
267626775
159831350
159484557
275490404
183482507
217722561
193902998
127462942
153101218
183763217
127903632
159495240
153155715
117121298
401112967
159681665
108641813
159494147
402780216
183807409
159960097
183863654
217325566
201124594
183943922
127115558
114146041
183655412
159830765
257352907
217520496
160036480
186029763
200611368
263284171
108644474
102394338
263340490
257179211
183443643
159896307
267614083
223043240
245125174
411314581
159817883
105318737
108228138
193638763
183845000
205172140
257318853
263319505
212047820
218335662
213444954
159968301
404637069
212935907
401692015
183959113
265407715
104878233
104742856
267282958
263267993
108643920
401346506
114128873
102392124
183828150
105249794
183931591
153104959
108497904
217891469
51268684
159679814
104315441
194778311
217171185
411665781
265675998
404626291
405134349
159914646
205037812
102389170
128330938
159547055
183916341
159770545
159942842
314791677
257274629
186556260
184141735
257295995
405281937
194005607
102391462
183648763
257129666
263261487
159887569
401540306
160153080
257274526
201145818
127799284
201135450
183842998
213082489
108521124
257314341
314311318
153140063
200540507
201143478
170534878
105557499
263555336
404691196
186077528
114135306
194646170
265082873
263378520
183794067
245662510
257398345
102411815
159650710
263386413
104927499
159945966
109066403
183502667
183928039
102389855
102351912
257159913
159302633
263327140
126850191
183206649
159693450
217993518
193811819
153130801
183827711
186739474
257260593
402925888
153124975
411406345
263270617
183712616
257247570
267137488
200217162
218254791
183820840
127659187
411389713
183465793
183771301
102379352
87185475
186957480
249555344
401301508
405946579
153095063
183446126
104742377
263077843
111155619
212264954
411237762
159834579
183449174
186075586
160182557
159385568
263026374
245052329
127468808
127708053
102351938
201270547
201517033
217345625
105544663
265269722
400596227
193347362
104446743
257260251
405405551
127044108
257315741
153079425
183737236
127044112
263106618
257556396
193752842
404881760
263029460
257035838
183234279
263090959
411545709
257357949
405845961
105429548
108295938
257307239
170615180
263323177
183620349
218100514
263109936
405301570
159760718
275060322
102371209
400615756
400604083
404798600
257247974
104712799
104876824
405895497
212355652
153125677
257334579
153032284
217289155
402977289
212208977
107823007
257261004
159870835
263004991
109513015
263002459
170833504
104309486
104692225
314449757
127044107
263392050
108577415
400607529
257287256
108265256
183466156
105911495
218643060
183866839
257204311
159781818
108654618
267616223
127420768
102378954
263098234
257274784
153121045
193533581
405458554
153063044
105744505
126819940
159485739
183443255
153027648
257261686
183880637
263502567
183213023
245643794
153136032
114146421
102371511
267603275
127268092
153141613
102427865
257214619
257496286
267497027
257248827
404757626
263324233
212155649
159815051
159490637
200877703
227082962
405059297
64868574
114144099
102421652
153011387
229138201
186012833
263406316
194103998
127542206
212348922
213451215
183449141
128095408
105812117
183807451
104257858
263275505
223014251
105679053
104990513
128336121
411666011
201143776
401627718
102396672
265624556
153041344
200144311
107843088
159903386
170572622
265257399
160100400
105576517
223085202
104519282
184064507
127186649
159619075
437035018
186518687
275107540
703795849
257005485
257314889
183534967
405116672
411672563
128227749
159196268
212329779
102442386
102406085
200279641
159334896
153015419
402922689
433419657
212739657
141102237
65696598
183982002
193416327
102413728
165364755
400457251
159537999
160068245
170729523
400927781
104235530
52235845
186040856
159491008
257268265
108941410
200837192
183808348
159331762
153045402
170399955
275491112
159853824
263389029
257279267
127224240
205171070
200309117
186067583
263304005
194228070
153025108
263312984
159845756
257291869
186030850
159841547
186705215
245646662
434137897
183955872
213315213
257198198
257286719
127402886
263562842
257332384
117097321
159950197
401627713
275819218
109402434
200798612
186755242
170720866
405177284
257032435
183791325
212383346
263269396
263268028
159986378
217146905
183346162
263025795
183804261
153142719
109520218
206998538
314477890
257025067
205089028
275087008
108828843
159841688
400615766
183352119
265157078
186001935
114131523
263045097
64776538
267510213
217532383
401507452
257561247
114176873
105917351
183953476
86363469
482949393
159279903
263268883
114133048
186054706
263274021
263059725
196167030
63381455
183708411
265661945
411499941
104749251
102389620
183793683
402970619
170969345
257257581
186092132
159824041
275816784
245241895
257274038
127790417
263385759
102376812
263025821
108255150
128182869
160166457
141099722
257274838
245025813
183327793
159696105
263155220
404618822
257030161
102411419
127023801
159733117
102384384
275737972
183889801
183450962
263004608
186027636
183449208
114189205
141007965
245600164
263284520
183940804
257268544
263277790
104265015
105868462
257237281
183273516
128471147
401607923
159872185
109519197
153179991
184023179
114125558
108367890
218213935
257257913
184018748
114135247
105985222
159444687
257436256
108126694
183796787
263331910
186050647
153051521
160003317
400804476
401400654
186930180
159505555
153050416
194175278
400700001
102393635
183932449
159900211
124356789
193635025
102372001
153045119
217042648
263560838
257357511
405441616
153009740
153041044
263296355
223102958
212694743
194828696
263593500
128480029
263291247
217402282
159849319
183902543
159259786
245249341
257029722
170548136
128413923
263575819
263369506
183977982
159193175
200753718
411077287
263042402
257264489
257251901
183604523
126818152
108716251
263311721
400942307
108376585
411427008
128358367
193557138
245134356
257011773
51308327
183857936
267907486
411580460
102382876
186101956
263384675
195744019
193756594
275802909
183449168
411377660
257285440
405247680
257305141
257302110
105646886
102376922
159299749
200525116
257003598
257192173
263494544
267531817
263196849
153114654
127420970
183736943
127085934
104901762
108354765
200295604
102387925
267604129
263389108
257268329
257036884
153180683
183423159
108549113
218380464
159689734
165397300
153051999
141162044
263068244
159666361
217373843
153086535
267494807
159417144
245603341
257378621
257313007
401706627
104818009
183474341
201719835
218157279
160010481
127115440
159838118
212368317
263263544
114166530
402715996
401024363
257011509
153019472
263200735
218320424
183478458
257382132
194026247
127194862
217489734
159625960
257310863
267519535
160005530
257553035
107983867
108354490
104379216
186018617
159889849
104296255
405622685
194336731
186059711
127878848
153062025
401689615
104434230
104545744
182839392
201096421
405412340
108735149
114144008
400331620
411333852
257029620
159921524
275793419
183791183
201617363
183465792
411055337
109477968
170767300
102374604
257273232
159896534
105627457
159827066
159192748
257386791
275199314
257309683
105075018
257164415
201634783
159870930
314821711
160063444
153141360
127046026
405058517
314244333
193501777
108368244
64896127
275397975
404676654
186036313
107937070
114164009
141119056
401296883
183937308
102426965
402922652
170874943
105271090
217381759
108339617
201229297
186040839
153041838
159355026
160158852
102480494
102391818
104588703
263273455
263257604
159908571
64990439
200385116
153163262
108147968
186400265
212249280
159492309
102381218
400587165
263014060
114157525
183857242
257328744
186128193
160069162
186821798
102393335
108025278
245355965
257286477
274866911
201311583
245439405
170884638
263427205
109434876
159903858
159696943
114138507
186012775
245151229
402824793
183619849
105892297
186040835
159637763
257494846
263531672
159525582
153148993
183451621
400484454
257146033
314561761
159505207
102369887
193475530
108835611
185958685
165301352
127564464
114128825
183867604
183794947
200304113
102353947
108337233
218368628
405457243
218326416
263298734
315005335
205009478
126959457
402004408
263269877
127365462
263240075
257265723
159902281
212858320
127585030
193930672
111161048
257030149
183994837
415047457
218349142
107974396
267422000
159498972
194316916
159752532
400621032
186569884
105400084
102385669
105059677
108928070
183514371
405448776
257029679
159831537
193901671
183886950
114133677
201472830
108257975
257433555
212555673
102383571
184025856
265144869
128488484
108378705
217250142
401856124
217385869
245157829
160186126
160006796
114161626
229145474
183795908
212445077
153085301
183434309
263272702
153168447
263321715
104690582
117109608
186586395
267687663
186065196
194171397
183866732
263129236
245366342
217396416
194301022
193894852
263278019
183473063
217740221
257235335
267109502
63664291
183915326
159639290
108898546
217165756
193932923
159888076
257135645
102383192
102360578
257390040
126850197
257334544
194778884
267683615
53568472
212505785
263387779
201696928
263271798
218176929
126982430
263355676
257470642
159998348
275396578
183171204
127224406
183703356
64469125
159504934
104876368
257553675
200143809
183933418
52256227
183290472
127159582
411477332
108051743
159871167
184085037
170869325
186480842
194825964
186976345
183796312
183458424
159968252
263339331
183194455
114162465
114163053
405650664
246007476
183763014
263235460
183561849
263138526
159984865
183902348
212472169
105026227
193629200
263278912
263151748
411510901
159910447
201374275
170453733
108588775
402154552
186038520
257467288
263323725
183984577
405853252
405111117
257287001
127690563
108723853
186032580
183856248
128418497
127114790
217801193
217854686
127904996
105797394
212387889
183465562
159956738
159948990
105041576
183802833
186359900
183920720
263005687
183791954
159811813
257332303
257562180
183966440
159498612
183850783
183337086
183798211
114126040
257043112
201575000
127208903
314313167
183823138
218377822
114142327
159494311
183225493
114172965
153028531
263275452
153092794
212404961
104571450
405352025
405314539
102369741
404587334
186033370
159343950
263059726
184018812
159691399
183675261
257271799
257030164
257321509
265658730
257456302
217823440
183728965
245887505
200580106
275004320
205159479
102371741
263281579
102410510
170633129
153084205
127265750
405083766
153140358
114135310
405792663
200359341
127136143
257028847
257305376
257054364
153033182
126931715
263355167
404981044
170869123
245047828
183927043
400603589
159715546
105480813
153060838
64803370
183806454
405377874
105399470
275312399
257510051
275150628
183822645
108549195
186013040
160053196
257285022
183648751
405757268
200052846
213429160
200253303
183803885
217422367
201061934
183505644
159682705
186016102
170567032
401857902
107924013
183905338
159541959
257023653
200526112
263269107
160071630
194830951
400782622
405599206
119220022
183516629
102374414
263363298
201571705
275813113
217660122
425083890
104938255
159505210
159459553
213148071
153132641
128158754
165449617
128019957
105108991
183457371
437003114
183826639
200588968
128337610
183983777
127936661
159950078
108489034
257236679
257274531
263004958
170903228
401709950
170449315
159912995
257293498
265508821
245851498
163098665
127814196
183866733
411356016
159488373
159991320
108234932
267306360
153091908
263010464
159836660
108451822
153094366
257458226
159258438
402757702
159383508
401182579
257314397
160019021
404745247
257287255
153127106
265164093
160135228
186003918
159900310
105026568
107857453
200365292
183314890
153023630
186802899
205208887
153055532
153121341
127750153
49447125
213122640
114136251
114127600
213440292
102379841
127442224
194021718
263252284
257258055
186098597
257532413
183805455
201136193
405145958
104376683
109507698
200462986
114121662
217205769
217107562
159840752
267558974
159936172
183916046
217860977
104748153
153036296
159541933
102392563
212830470
183496072
159495982
194759867
159250944
108820231
201625281
257286811
128486200
159884025
159852855
263442767
159846671
223011714
275782298
64653407
200831059
257049173
217477437
102351486
275154910
275261676
108462890
153053542
102448622
160034625
205024328
263136999
127357473
245857558
127186650
104690504
205088283
196220059
263253907
402986232
193809887
186042631
102427974
114149641
257265865
102409503
275044188
127423127
128481960
193981081
170824433
257293774
402301295
159520067
159269005
267402919
257530024
401763151
400126668
411158580
405705604
263117571
159482878
153122277
109242545
245312068
217746245
62585303
183650442
263134496
153122768
159495231
126896989
153053737
159985405
160075126
153061817
183441889
159494141
159893498
257011353
153171896
257385916
212256117
186593933
104779076
105683566
153098080
263285514
183449169
217547524
183781626
314755167
153077964
405271732
170492410
114164642
263354124
153041993
153059700
411303703
263257634
126766098
127915228
183786842
193285753
102357624
159500198
153018715
213414335
217724935
257271470
183757211
193799654
217275998
183438157
105337728
183966947
257131603
183485240
159504156
194814019
126851221
183792300
114126889
183424170
245087939
186807212
153059270
183900950
401033689
402544045
314405671
183632160
257175979
127265749
263327551
186060153
183880990
217794152
257304660
159505197
404902956
257030162
153044930
159525926
098765432
275407764
183851481
141101916
159656552
257122715
14668976
195743992
257011715
159901747
257266160
263354624
263278476
127895455
463306200
159863051
212900245
183474463
109507220
218282612
263010061
159835523
183466124
257233737
159932166
104525169
183912111
102359279
193354502
186706404
217602083
160179496
411624696
417074497
105425594
108521262
257291447
263017052
275515293
128404582
159505489
186575585
183861694
183465544
110287133
183290471
265670818
257334166
159653137
153010672
257100289
186815120
437041897
212472370
257248008
263367329
263239462
127173251
227897534
401698111
218077271
194292961
186595449
265835865
257270412
183883178
404908712
193988786
186808244
183767090
411549275
263286149
108699759
183943214
229065251
405067119
263090996
128366090
159505495
102368577
186193407
402970498
102419529
183871935
107857454
108343828
186319114
186808610
263294718
159669882
153043428
265479675
263098224
212822194
263017723
127360807
267109480
257287875
159852217
105832053
201328569
200028693
108071765
159893390
102386226
114159277
153040896
275541137
127746611
109675325
183798638
275510852
263265921
102429939
102422604
128332628
257273882
263030405
109211069
193715753
186059105
159692402
193396025
404973191
263270255
257043095
275079597
183794612
104525244
126752338
263321265
114152889
159826336
109721528
263442367
186101787
183857669
201070914
194844307
401680333
265425688
200047125
159925016
257287788
401120761
255642195
263417652
127296824
257083987
201016873
229000464
108156119
257266800
114125125
212238941
194005874
153086551
194191684
183284348
275736923
200378322
213282426
217177966
245111495
105581844
218281488
159539329
195195496
257550456
257262822
170722472
263291588
257332301
153042772
212159702
183803308
205068985
212578564
102400180
213235618
217015921
109086807
183944316
402301270
411132560
263593498
263316897
183820254
263298867
128388166
159831960
212411343
213059108
159955396
105800381
341412233
183630108
275705716
153044986
245446111
263006944
159609782
229037763
223048150
217754810
114125210
257268248
263330258
404595993
114151960
114127141
183485233
109027972
257384930
183332826
183787597
127282971
205067139
401126217
183328707
245309005
183173701
245435245
102376779
425009572
200761631
104953608
212928179
110363262
245644873
153045276
400445482
159267677
159505664
108563511
267567181
102376546
186609058
194704438
229060351
153123734
102418017
170534431
183632529
314405668
402608009
105146913
213242725
159859189
108201546
183381561
186503803
263501639
186080715
183488494
183587500
114161763
411247188
218330497
212260268
114185145
200978539
257009617
153013763
257302425
425002216
183957592
183789025
257024638
246004264
109004222
212775536
186927530
153093992
263016825
400272560
275276695
263287651
159727931
114125684
119187741
314256703
194381287
186267443
110468805
417047743
159847643
263462722
153174364
263085945
257310420
184009970
183326307
212477508
186737774
257300372
263277649
153044974
201607201
104639086
102399469
257259819
217074129
401306051
217212109
159854923
49435672
245517460
183811155
109022980
212697607
114147711
153025903
159692307
128347911
257011333
263517890
170722667
109249340
400602988
212138825
275802086
257048661
102371280
213335923
109322277
257263366
314446537
159504937
401967745
405250157
135063742
404888126
114186138
193686909
212128853
263357008
257375556
213412787
183917737
245426169
183791955
257011836
411627108
159871968
102373407
257396925
183228036
170640857
263539827
201601981
200894584
153103165
126744983
159357927
402925855
193760072
263186245
186842470
212895598
183949146
257290309
185984719
183465598
159756677
183810050
159251376
183941624
183932770
153168451
263562210
213310693
263004860
127209303
114132673
183686998
400666477
183449172
102384315
183338056
102353999
183916885
108103044
186854420
212274106
275706241
159911677
102366035
153053420
153040148
263291469
257131344
257542011
159894499
102375208
184144402
102420514
195702872
114169370
275633707
263035750
257296978
183864866
114129794
1234567890
183417857
126818410
153146533
128019975
102392299
186092153
402977297
114186021
114164810
405740794
114170817
105543520
257280105
153024591
108682059
183540649
263033045
127275693
108093978
186039175
257268882
183511916
153107179
159518186
217864202
102393623
200152274
114170540
194491274
160143021
117120855
425009600
193790437
14656962
183251115
127793668
183873263
275598307
183926541
159711491
193302855
411155701
159586974
127594886
153105842
114126219
159683156
105597420
267470077
183981881
159753664
265123529
159534129
265659163
153051066
229093427
263267214
263448919
212182538
102394345
400578256
257539977
153017997
267376105
159588992
275303287
217333137
246042648
126943761
405252573
200660902
212453459
257262205
102393356
404928658
404664985
102360467
401742203
128386005
105189121
153177527
127719464
49471819
105965606
263189816
263287867
183892397
108684925
257270382
159717054
245150358
402723331
263278067
127793180
257269009
165313957
108644431
128008412
263326380
159881745
402763023
183219606
108652745
402139803
183172178
263110017
218274848
128347146
105901362
186080190
200561426
126956810
257481269
128249404
114132101
263461367
265661902
263243905
405832938
102390740
183708731
400416990
183805421
257300168
102389679
159236409
263272607
257260920
107968283
405257236
213382481
186022943
212352580
212090179
257341390
159492491
183987026
102372583
64377070
405228493
160003743
127461520
223031244
257537201
275644003
212044905
263287061
223108832
186974243
114155419
102390897
153017324
159735852
194301709
265502093
411546671
183813789
257293864
186311166
114137262
257297806
193338085
193514847
193880515
159852897
257162856
153062193
127878353
159498096
217911572
267628886
235186065
183954253
108978747
405756583
257263920
253366793
183280699
108082964
183652355
159304528
183395269
402830955
159946378
245448438
159874058
159847535
257306188
263325260
102371314
212649592
314421101
186176594
183977665
245261327
127359666
63865143
183760632
160044120
194828240
159842118
183819076
159222925
183155395
223059323
263004364
127889983
257032424
400582381
128431477
183346161
153148218
183493473
183824382
193381270
135064625
263108745
257307874
183878055
200433388
114157426
165296001
401030689
183496465
183743715
102383263
183117900
108018874
108563291
153053126
159844268
263354515
114149516
159283148
183621806
405373612
212149095
183310809
265230342
159505202
263570789
263313894
417194747
159895239
193512189
263199781
104676932
183822553
108710522
102410736
257384309
405867672
102401554
257267733
276119687
183875803
159492501
108917976
159977399
200936502
127814010
127082258
257389836
194830483
102381719
102375615
102374830
263334690
263538612
257011778
153039589
160026449
263001443
263343694
186158611
153040439
102443266
159907741
263033214
159341052
159505554
263298132
159840329
257263918
400641646
128141574
201159736
186059704
184014189
102370258
263291071
104665964
404491363
105373244
405993795
411588456
257030151
263431986
102378414
257011501
405180310
159831423
257381621
183430480
245194382
263209906
263146470
186908510
159352206
401041605
200432599
183930754
186066114
183873267
141119091
153013829
267689185
114005871
114128111
127891648
159606020
217131560
108563550
194160089
104677416
257293030
257135943
263387602
102393133
159177589
183238409
401547326
102413724
183264381
153050622
159798410
229028356
186040861
183476646
257267682
405080779
257261509
108209851
217921178
417232024
165466525
200823958
153149037
102407038
186022725
257378611
186067389
193892834
153115754
263111158
183791196
186455152
153025503
217186704
194389908
200991150
257249359
127433591
183778105
200070975
183849841
127653550
314470301
263379721
183499018
102366987
217738775
160068669
257286215
257276388
200962224
186120838
257262694
108903296
183910791
263004048
105097426
160090238
257484718
257310461
183527670
153142926
109111169
102374301
159526843
263288009
114159305
263287025
217610222
183790048
183493641
183863036
183814776
186880228
200408902
257310700
159523132
257298402
245230608
314257946
102397278
159987253
263140155
217113708
183893087
183788035
105609211
200704889
127379178
183977600
65699453
126810903
159902273
212515749
186162614
263079829
114172155
159741158
265644557
183905730
127022352
217513452
186424382
263138618
126960059
201152861
127729737
159993532
411416586
183851327
263358175
159919233
159349765
104328981
117123724
141102546
257135832
217671456
212239380
267598731
159570959
257466115
275036654
200794011
265284818
263208895
127440443
183454956
257146032
165364750
102384850
265393492
183349189
110583439
218024782
108547939
159900384
159452734
114132169
127170538
110265309
108030764
183259588
194828040
159840954
263275692
102371227
102407059
159980662
205071578
114189911
183455893
102420508
183808802
205123968
400072672
257311887
159879856
186016028
218357392
153141822
405368071
186078351
105775216
183933654
114144613
400602740
108544088
108147861
183970745
183703600
126735793
153087332
105795266
263010365
114156572
183833179
105012689
401695985
183959274
263538610
184091509
104372313
205110878
153145691
186290086
186229820
263266365
159898993
102405161
401489276
193437212
127514753
404468767
257145084
267109535
186087080
404694687
186784031
245440017
183975803
127780013
257270750
411787249
127550364
193328299
184000128
200298766
400455766
159913110
184045822
102369500
109492825
245658303
183465802
257307673
105518041
183900738
160003309
153083397
257048733
212134479
267631746
102383670
153055340
108794019
159885471
201432176
105117602
257263875
102375134
263102296
186666968
257247895
183931559
183350581
184097953
107836690
194650268
245881843
108663215
183436038
212504976
263287841
127120080
127972367
153115831
401848195
257326348
217011345
314788486
114184861
159219676
229130977
212129262
183975694
183455130
425330452
183959572
263499407
183858358
425010748
257269602
417044556
401869303
263153155
159910457
186093163
275699110
201030185
218180182
109187106
102418591
263279624
193692026
159865454
265529006
401690931
275554623
186836802
141124629
217219980
102368095
183927428
183795683
159525922
183466094
439021571
263104482
263275556
159608050
186023429
159950224
186678379
153045278
159899864
229068113
108919757
105760316
183898492
263335355
153175049
183773537
257030155
127263066
114163574
200107094
183536493
257316739
267465881
186063038
183923455
105639921
159799541
405558615
314321241
159488372
126980249
153026172
263343480
104598229
159845992
183842881
257095592
127590344
104330699
105895998
111183053
127024634
257585124
183484063
159871412
263100676
245057458
201721722
217561580
104686994
159850608
212065431
105586862
217397394
200626104
128356178
109236611
217738364
257276148
218349226
170866591
160104835
159331016
183945675
183484315
153054689
159979316
183815886
314588166
153168444
114127885
263199163
257332304
186717369
159485835
257371653
102373140
159897484
160161708
104581910
263339959
153090098
194109463
257301554
128321530
257011518
108163801
183523288
183807315
193963869
265030985
229068289
159518154
111157565
159828350
186574256
265162654
186037979
257043136
114135347
105902939
183650484
159812861
263222714
401600651
102368365
401414944
159986628
263050196
108072321
159334897
404678762
183485808
212150476
107923226
183877295
212554150
107814299
205006683
411326537
265631917
217035401
263055800
153144962
186896376
159418234
263130942
314863583
257351510
263392444
212885531
257022741
186342462
257011502
127370744
193936342
183542037
45129890
987654321
257490367
160042820
52228217
257271072
183552455
170703927
263322259
107877231
153176841
102369433
257141197
245165947
159822840
263051469
153012189
128349084
102372868
263321960
405306516
263318295
405436134
263313267
267436720
105713788
# Akun aktif
267536190
186078837
170979171
257021830
263048693
104465197
102368557
404946419
108892443
104525229
415127355123456789
263285197
263005169
263276114
193888060
170673654
183202912
186146146
257209237
257249577
108932554
159913558
159846377
159924450
217144299
263353383
159955841
160040710
102359002
257275396
127237410
314682675
275287150
183868193
114158340
159910511
127674797
104963097
257309023
159934474
257300038
30494976
217038251
212131522
159853215
183941619
107855254
263331713
183945060
195702950
265880909
127085807
263271881
183360180
405073143
205018910
128453925
183631016
102395474
411639917
960179385
104547326
257435744
126976135
159603901
217184589
159387259
159898261
186579382
52220819
263166624
153051250
159839525
183879042
109004267
257030165
170396087
186465177
275717963
159911409
404637070
104960498
183924543
159898698
257268543
104775717
402857784
102362426
257297563
153027528
159913913
159290662
159840495
186164444
114129594
160108485
411508173
401683046
263297317
217327395
263323738
159488376
404655494
267018636
105168102
257261699
463856093
183810594
159928663
257004211
183465571
411529409
217444904
275712133
205159465
160109165
275177272
402089212
183499015
217117893
159650857
263008923
263319655
114128130
251493737
128115717
263289934
263370883
183434093
153027892
245807447
159929058
183811660
200279642
105247972
263288810
257112211
102279768
193880332
107839927
402845798
109196265
153011779
401454526
186532091
108062225
413444244
404656782
193779026
159479546
267132547
400638995
200805247
102442995
263311437
183782603
263063691
159896206
102371329
401694946
159693882
126866480
245999934
263287652
245162773
263270355
183829141
127360005
257263955
257471689
159266578
104454202
183465543
217741452
257259717
402783886
114146306
263259300
171948265
159355027
212979341
102412026
183244847
186057875
159579448
263075840
170475766
267424622
153007666
102447711
275099307
223050148
200342583
114178630
159488816
159830457
153040224
400578866
404983280
160005837
218107409
153138987
109108816
127793702
108537151
87182897
217604575
159582007
257016783
263369102
314474340
102427871
257089763
417068648
263010404
183830758
402728556
104329225
183972224
186004536
245017726
128037288
275088209
127802974
165292475
160004171
153066601
51278481
402026395
107974292
263144006
263285196
159976478
105418506
160071642
127800926
185961545
127646243
159303824
183900953
183938042
411549725
186518940
153014699
159265669
159713550
153100790
127555363
263284175
417068722
193577957
107820009
194138089
114183038
263019048
183930606
183827700
127561260
183341698
183919964
183937294
183676141
183857969
186348851
105262711
159973057
263318282
153133276
159831959
159316588
404725564
128485009
186120824
257104227
102369542
404777142
402076899
183965058
401414299
108407147
411495807
183941019
102424030
267593523
263284943
159903751
104248982
257263302
153059720
193368691
194829310
186239348
102424178
114164580
257550685
65014518
405422254
263189566
186870369
263215517
227780701
159879264
126928215
257453075
200954520
183991088
263369106
186894593
183850306
153032009
257126982
411650332
257149113
127021980
257402644
217829556
159847101
165239885
183817559
104309484
212283007
183454953
212477166
49443012
109209516
257452979
411326509
183905718
400673954
102385146
257389093
212341957
401696629
218036750
159894491
193294960
183956169
183311240
159839057
159887588
229000606
141000707
114167693
263273286
159319599
405335190
109676226
404728077
185925891
401025416
159875589
200930433
200406315
257259445
160031132
257011840
186837251
402956793
107888352
217113453
104882963
217254576
114181858
217909475
183802099
263324224
194606484
183801523
405093071
127530938
217591485
159694083
201135837
186066573
159906683
257190607
405747963
153061806
153151735
108189686
201649815
257558508
257174700
263004476
159840215
194532272
402820860
257149056
212182359
153121924
400571177
159815998
153036389
200049595
213098152
159860310
183543547
159824477
114014873
183607165
213449555
159299750
265632629
263010401
159895866
217479721
275157162
183931036
265508399
153014941
159825145
159583655
183946607
153142907
401275832
159829208
104592676
263291879
159896281
251559325
183985303
65007705
186019183
257069193
246007494
102389728
110495885
186064380
263025442
159488338
108564695
263593520
159987062
184094068
114137791
213430734
217338380
229042360
102379903
127132352
183282417
159769610
159887282
263336565
159540921
159900474
183879870
257315048
402709546
265065623
127978026
193810918
105869176
183959432
114152313
183180609
213033735
159942400
183215009
200556508
186200563
186042635
127489016
417242449
223054401
114159702
263284475
229037312
263314461
275816089
193432420
263360549
183831508
127073632
114165851
245956021
257024911
183980318
153066411
102387656
401557647
183206426
114155816
183643829
200751657
183876113
183162263
102379385
314475016
183863879
159826172
159825420
159841215
267641902
108854155
183961802
263322892
401288282
127454866
263413440
159929298
183275305
245448699
126783226
159849316
159939208
183799501
263214490
263403147
263382764
102397211
212021149
186822012
114185184
153112807
153063213
201508914
105564849
183337738
200575375
212451763
263017831
405182918
205006689
170625358
183795534
86343662
183793853
257017835
159531452
257277594
218372546
223036144
159488379
245338514
159920176
193522217
114135684
102365531
186030604
186080560
105388888
263286255
105587579
257317347
411520048
159512016
108073305
263214536
102369063
128455682
212265643
159898028
159880385
108543212
159602106
245997804
193629636
108895694
205082971
104779388
102366148
404733972
183648765
405139589
126987860
257136314
257248190
104571359
201142807
257010135
411549721
127136090
200084924
200770421
186223782
218495117
170403413
105425669
200215015
186271653
153009131
405424460
257437127
193759911
405053897
104808701
153159460
104452188
229035466
183919014
108563517
104499945
128216193
153043954
404730086
128418184
217332831
265382133
411276164
200508594
263342844
227897533
263347281
212380423
275317254
314518583
217337981
183562774
114180927
257188086
263323971
217219509
108390831
183795384
185981928
159841887
104274276
201520166
194217537
159303829
183521898
186090094
183858245
105627678
127180285
401135455
263275844
105023584
314821659
183928994
186064724
257025509
314531834
401606461
159484424
267069776
186117536
105167352
213288331
194314580
159975331
159581018
257260973
263319030
183428545
183796766
159969057
257398974
108363208
114154403
200273247
265395170
159899106
102395143
186039424
265017070
183806104
217078770
127574141
255650039
159773885
405912195
102373968
257305142
153095282
263277995
186257512
183867814
183216486
263314597
257136569
159996805
194497752
263019229
58848835
217318644
108509925
183515712
186065191
263326289
213413803
183858908
201185664
201658209
275395302
263291549
212624100
194430943
193330843
52247243
263294185
186424480
159830780
263404596
109048557
229045205
185958169
404896646
108907025
105303793
194444303
257457605
170805585
159492510
263041136
257381523
153123106
114158819
401939743
263322869
265532983
126912154
183482517
102371289
107943610
263044606
263370153
263290902
51311021
257434256
193385580
245151337
127686259
102391453
104451819
402289133
159525923
159841523
159824355
184051346
153104840
104850174
223108826
159901721
153141846
198332376
105151177
114130711
245035051
194403764
109507289
186056694
159849625
105562797
186016164
159693881
263383146
201661882
141095469
272886596
183650557
104542388
183594314
159667757
212838417
160003424
789876567
170536131
183450002
102377525
263287257
127468853
263273450
400646481
265476807
263372354
263269522
186096952
183983626
153013348
170750367
263434659
275788426
265158551
153015333
212780395
159839709
401110310
153157597
183324944
257287396
229139131
183442468
102378099
257272381
195261863
159868865
170571345
275848520
186174356
102371086
257529689
186481083
128255505
183873957
127340844
212382863
159505196
257506766
128449728
257041853
405033972
402405990
200225505
183856991
257261036
160154231
159841052
263361261
110422986
153019165
402675109
257035245
105367044
159636203
102396947
183796131
275177149
104554274
127529117
194701908
404666141
194168803
183823261
159868118
183457235
263530890
194686495
153140185
183868487
263017190
183788153
212951444
201507347
107855249
153117720
102387079
263268818
257307703
159838589
183838615
200742876
201494582
257403498
186338008
108212500
223100150
411288497
170838871
263010210
400591091
183767801
183933671
126971631
159716768
183449184
49475557
217258277
102371600
411290019
275611237
159582602
128343997
102408531
232221049
200249261
186032637
108716227
411605655
263324603
108509161
200310413
405323973
263010076
159899527
159468180
102369903
159279243
183704547
159888507
126885397
102376981
127233322
257402981
183869400
159221080
212368303
159867182
275003743
201207631
402540566
153055877
160001056
183810143
108917793
184072837
153027436
401547210
200789586
405998312
183987116
153045281
183988006
186554171
165407705
108734709
405389183
108117998
405181869
257278782
263266450
126855761
183979262
104938424
263270909
186119147
186133174
102391466
183607163
64536307
186848507
263611593
405156810
114126811
263269932
102387131
401025331
183929350
257041841
263359555
257378608
159742349
263322109
263076124
265054712
257281952
257553670
186033272
159843879
170525229
218043141
102396685
314313454
183832650
186030848
183944894
159845717
128463787
183266654
263281220
114165760
114132201
404787510
183941761
186040842
114156497
227986300
212543248
183805336
159571157
265106928
159569730
314313991
105363925
257275546
159817307
114172172
183466145
213561517
314561825
183846802
183655229
245143078
183790735
159840894
257286479
159854537
257011335
194773143
102388841
108095158
159826825
217076745
108996891
186485731
183452449
217822878
159906608
186064141
411439894
193665617
212263690
159587039
265664041
257230493
159514978
275290267
257133036
201603255
160003006
263025823
159495586
117104786
263230024
153145136
184117681
153053494
405905989
213242006
105494645
411636925
153051571
263269430
405463317
263334815
105462596
257341085
401518762
193555187
257317540
127829887
183364975
263258590
263221880
159829976
159879339
102371650
114188529
275821493
159283277
275004276
263112624
218317469
183981838
114131383
401165479
128337515
159441947
159488320
183867787
64395467
263148367
201327698
404557132
105308981
108822395
183542909
217107853
159212301
186072571
186291988
159693059
127331463
183449205
183831235
257137009
212945325
108479807
184005406
400681957
223113497
186126910
159828985
263338933
108050237
114134615
402231814
263268898
265174804
263389260
185986830
153119429
217561806
200942633
153025451
212180080
411680165
183539949
105407314
257189229
153049251
183794213
267086870
201151245
186300806
400681955
257142147
114127427
257347066
193880901
193229733
275475995
263387597
183848698
159641168
257485177
183466130
257107770
212907481
102374415
183892704
108590351
217267208
109520657
263371826
153027825
49447126
127938154
401300169
102375687
401696083
183472528
159599519
159901745
105422252
183967377
126929825
66236181
275164189
183825641
275627243
402725945
104252193
183981631
108391578
153144087
102379372
159882243
205145852
183828196
153121725
201114510
183246673
186144047
257450469
400603499
114130486
159992865
263031017
404458306
102372267
102428409
159671751
135163347
200165943
127557227
102383731
159853587
257309270
183933667
153106627
183902435
263274345
87196916
102397073
159709265
159525929
153086543
105521429
263406314
159952291
153096757
170555842
194562177
159858668
193699493
159833952
405782000
184021480
105117153
159894600
229023881
212136166
108194860
183796153
183646761
205107964
159495165
159848912
183791664
102363453
275259065
183288117
263026210
263279817
404692046
401893358
275580231
201155386
193571436
217315227
102384058
417071699
183846911
186318789
170409774
223043943
257306910
263374499
127594602
257399417
263321787
263368253
159879333
105466845
102358106
153121692
267383241
159441642
245619230
275821071
108671058
257107053
109334991
257287881
159525542
201216895
263436197
102416701
263280444
104470658
159893986
183786847
275712915
186599001
127208531
217860909
194176266
223044111
102378621
229038714
159788195
245774619
217547280
108315914
114132182
257287249
159488360
183545062
159699789
257229617
263198156
212442979
411648861
229039883
159851078
213389640
405873234
401030118
183402749
183449165
108467523
159486582
263148286
257035834
265663355
159711389
193923616
257353464
183858850
108080105
108298207
170797016
159200688
265391944
183401433
257326437
245173529
186446467
257400528
186492699
193509706
257342166
183997677
183621804
200795951
114154905
183493938
186063427
114152362
102424109
213334160
170556068
108072706
212640932
183798209
257269010
105055787
183293473
102401361
108590384
183453228
109029364
212158691
218218140
314561600
263361815
194535943
159983397
186006279
186061132
183909914
213116032
160049264
245447393
104979810
127211788
153015394
193366546
102385072
109443147
257059487
102427427
159271767
127448538
153031201
212392770
105862508
153007455
186569515
276099594
263338275
267558473
102396275
257507599
257287026
402053296
186033172
223053898
257344525
153028879
127768420
183602315
257363165
263047724
257340121
127073713
128428649
108898609
245010507
257499215
217153309
263185203
159200218
257132003
263016528
275277286
102394671
128278057
127365921
109459368
245894295
183702179
160003295
183466129
400977162
159825670
153085662
265011597
193619343
186699815
263321037
257269954
212935918
105373097
263148332
193365190
183869117
405170395
183850539
159685924
159520152
184051880
265224809
159491439
229031931
212414413
159974790
186877364
193383832
183789322
200558919
114164558
217388828
128054847
184158120
183850664
194104457
212691395
183805451
114142273
405403293
401587274
405299538
127664489
402925896
263389856
153060547
183423217
78089599
217363298
141202613
213046715
183238625
159952510
170963428
404706860
257011506
183797813
159939916
405264229
114166834
186086010
127071896
193977224
105263542
183466132
229056057
402783276
263027909
108096081
217407112
105781296
159864737
411347646
263269813
183850775
400273170
159971841
159841797
200146516
153029574
183180608
411250363
411158562
200581157
401648759
257186416
193593928
183437645
102388557
107921095
102383617
200108546
263308848
263349058
114138877
223045780
193301380
159541954
200539492
263267957
153036753
102381221
183450600
404877284
263311496
183897233
217848851
265550131
217539037
200681482
153052076
127390028
217682121
126787255
114148998
104500481
50196553
186018054
205156446
159692174
105823735
102378375
114153704
401414285
102369218
159852488
183969582
183812616
263403480
126912599
104653319
404799858
52246735
114136024
401404583
114170637
183971920
183798210
200383620
275920522
263287492
927402649
257280479
159898269
213107151
263038892
217682211
404981201
257202549
263239619
212966375
217727671
402562837
263150598
159825120
128138038
200133917
105571478
102377014
314470023
401623220
411673110
50196741
153011805
257302428
217685294
183940802
102353181
127784592
104901098
183465801
105975799
183876809
183941688
245828448
263026209
153010883
105814942
183456193
183441866
186364275
267692508
218072154
265580055
400602964
200771887
159419605
217320925
160046545
213252554
263065225
114126824
263095306
186583523
114152513
314477813
267488312
159438672
109305425
108334548
267390313
257453303
245441191
186839480
200858415
114129673
217377995
183498999
401448021
245439334
127070663
183449182
205006681
186425729
159833612
402796897
102371055
183878042
186054792
405150749
126988599
102382869
217039269
183326856
227935277
159687250
186937910
257529688
114152226
108790149
127066097
425014772
186127958
114142544
159867598
159835103
102352992
159430538
114156814
401696099
183918035
159371435
257289120
217460085
257453356
257179871
153053723
263562059
275189343
257150733
404938042
183851685
186678982
212805056
263323088
51293579
257296449
257189929
186809139
159327569
102378229
217046535
275598918
110275503
107813342
401905818
127807894
400641653
245160831
263276647
141119113
102372529
404495885
257027260
183857939
186106711
183814794
153145100
217626565
401404590
183361989
126853412
90071320
200337106
276223769